Make,Variant,"Length 
(ft)",Geographic Region,Listing Price (USD),Year
Alubat,380,41.0,Europe,267233,2005
Bavaria,380,38.0,Europe,75178,2005
Bavaria,380,38.0,Europe,66825,2005
Bavaria,lavezzi40,38.0,Europe,54661,2005
Bavaria,40,38.0,Europe,53447,2005
Bavaria,40,38.0,Europe,91101,2005
Bavaria,40,39.0,Europe,66748,2005
Bavaria,410,41.0,Europe,78945,2005
Bavaria,410-s2,41.0,Europe,58297,2005
Bavaria,410-s2,42.0,Europe,112906,2005
Bavaria,410,42.0,Europe,95961,2005
Bavaria,415,42.0,Europe,94746,2005
Bavaria,42mkii,42.0,Europe,91102,2005
Bavaria,42mkii,46.0,Europe,101063,2005
Bavaria,42mkii,46.0,Europe,91106,2005
Bavaria,440,46.0,Europe,84907,2005
Bavaria,440,46.0,Europe,84786,2005
Bavaria,440,46.0,Europe,133651,2005
Bavaria,440,46.0,Europe,109338,2005
Bavaria,440,46.0,Europe,105705,2005
Bavaria,440,46.0,Europe,103253,2005
Bavaria,bahia46,46.0,Europe,96933,2005
Bavaria,bahia46,46.0,Europe,115396,2005
Bavaria,bahia46,46.0,Europe,103249,2005
Bavaria,47,46.0,Europe,133015,2005
Bavaria,47,46.0,Europe,145769,2005
Bavaria,athena38,49.0,Europe,103249,2005
Bavaria,athena38,49.0,Europe,109323,2005
Bavaria,athena38,49.0,Europe,151843,2005
Bavaria,athena38,49.0,Europe,136896,2005
Bavaria,athena38,50.0,Europe,103249,2005
Bavaria,385,50.0,Europe,145744,2005
Beneteau,385,39.0,Europe,157889,2005
Beneteau,385,39.0,USA,72900,2005
Beneteau,385,39.0,Europe,78975,2005
Beneteau,385,39.0,USA,124500,2005
Beneteau,lavezzi40,39.0,Europe,103275,2005
Beneteau,lavezzi40,39.0,Europe,82620,2005
Beneteau,40,39.0,Caribbean,99000,2005
Beneteau,lavezzi40,39.0,Europe,101427,2005
Beneteau,40,39.0,Europe,108108,2005
Beneteau,40,39.0,Europe,103249,2005
Beneteau,40,39.0,Europe,95860,2005
Beneteau,40,43.0,USA,139995,2005
Beneteau,40,43.0,Europe,108108,2005
Beneteau,40,43.0,Europe,106519,2005
Beneteau,40,43.0,Europe,95961,2005
Beneteau,40,43.0,Europe,103921,2005
Beneteau,402,43.0,Europe,91090,2005
Beneteau,410-s2,43.0,Europe,127526,2005
Beneteau,420,43.0,USA,147900,2005
Beneteau,41,43.0,USA,144900,2005
Beneteau,42mkii,43.0,Europe,108108,2005
Beneteau,43,43.0,Europe,101792,2005
Beneteau,belize43,44.0,USA,180000,2005
Beneteau,435,44.0,USA,149000,2005
Beneteau,435,44.0,Europe,131187,2005
Beneteau,435,44.0,Europe,119040,2005
Beneteau,435,44.0,USA,129900,2005
Beneteau,435,47.0,Europe,144549,2005
Beneteau,440,47.0,Europe,102034,2005
Beneteau,440,47.0,Europe,127543,2005
Beneteau,440,47.0,Europe,133611,2005
Beneteau,440,47.0,USA,195000,2005
Beneteau,440,47.0,USA,185000,2005
Beneteau,440,53.0,Europe,224719,2005
Beneteau,440,53.0,Europe,224719,2005
Beneteau,440,53.0,Europe,223504,2005
Beneteau,440,53.0,Europe,212572,2005
Beneteau,440,56.0,Europe,461603,2005
Beneteau,440,51.0,Caribbean,105000,2005
C&C,bahia46,40.0,USA,184900,2005
Cabo Rico,bahia46,46.0,USA,270000,2005
Caliber,pajotbahia46,41.0,USA,259000,2005
Catalina,bahia46,38.0,USA,125000,2005
Catalina,47oceanclass,42.0,Caribbean,165000,2005
Catalina,47,42.0,Europe,119242,2005
Catalina,47,42.0,USA,159500,2005
Catalina,47,46.0,USA,199900,2005
Catalina,50ownersversion,46.0,Caribbean,179950,2005
Catalina,50,46.0,USA,194950,2005
Comar,500,41.0,Europe,150622,2005
Comar,500,46.0,Europe,163984,2005
Comar,500,51.0,Europe,200425,2005
Comar,500,52.0,Europe,255086,2005
Dehler,500,41.0,Europe,176176,2005
Delphia,500,39.0,Europe,85017,2005
Dufour,500,38.0,Europe,87458,2005
Dufour,380s2,38.0,Caribbean,86000,2005
Dufour,385,38.0,Europe,98591,2005
Dufour,385,40.0,Europe,97054,2005
Dufour,420,44.0,Europe,163984,2005
Dufour,orana44,44.0,Europe,139690,2005
Dufour,orana44,44.0,Europe,133617,2005
Dufour,440,45.0,Europe,139726,2005
Dufour,440,45.0,Europe,127548,2005
Elan,440,44.0,Europe,127543,2005
Elan,440,44.0,Europe,91102,2005
Grand Soleil,440,43.0,Europe,181597,2005
Grand Soleil,440,45.0,Europe,224719,2005
Grand Soleil,440,49.0,Caribbean,230000,2005
Grand Soleil,440,49.0,Europe,252527,2005
Hallberg-Rassy,440,40.0,Europe,299771,2005
Hallberg-Rassy,440,44.0,Europe,339508,2005
Hanse,440,40.0,Europe,108108,2005
Hanse,440,40.0,Europe,120239,2005
Hanse,440,40.0,Europe,103249,2005
Hanse,47,40.0,Europe,83814,2005
Hanse,salina48,40.0,Europe,93256,2005
Hanse,495,46.0,Europe,303674,2005
Hanse,420,46.0,Europe,132436,2005
Hanse,50,46.0,Europe,179942,2005
Hanse,500,46.0,Europe,170057,2005
Hanse,500,53.0,Europe,236875,2005
Hanse,570,53.0,Europe,200433,2005
Hanse,1160,53.0,Europe,334055,2005
Hanse,380s2,53.0,Europe,333920,2005
Harmony,380,42.0,Europe,83270,2005
Hunter,380,38.0,USA,119000,2005
Hunter,385,38.0,USA,69000,2005
Hunter,385,38.0,USA,109335,2005
Hunter,385,40.0,USA,132000,2005
Hunter,40.2,40.0,Europe,96555,2005
Hunter,lavezzi40,40.0,Europe,94746,2005
Hunter,40,40.0,USA,124900,2005
Hunter,feeling39di,40.0,USA,124900,2005
Hunter,lavezzi40,44.0,USA,159000,2005
Hunter,lavezzi40,44.0,USA,165900,2005
Hunter,lavezzi40,44.0,USA,149000,2005
Hunter,lavezzi40,44.0,USA,148106,2005
Hunter,40,46.0,USA,142500,2005
Hunter,420,46.0,Europe,169000,2005
Hylas,420,49.0,Europe,464979,2005
Island Packet,420,38.0,USA,169900,2005
Island Packet,420,44.0,USA,299950,2005
Island Packet,420,44.0,Europe,286566,2005
J Boats,420,40.0,USA,195000,2005
Jeanneau,420,40.0,Europe,94746,2005
Jeanneau,420,40.0,USA,118900,2005
Jeanneau,420,40.0,USA,114900,2005
Jeanneau,420,40.0,Europe,103235,2005
Jeanneau,420,40.0,USA,126500,2005
Jeanneau,420,40.0,USA,124900,2005
Jeanneau,420,40.0,Europe,121470,2005
Jeanneau,420,42.0,USA,165000,2005
Jeanneau,420,42.0,USA,149900,2005
Jeanneau,420,45.0,Europe,187063,2005
Jeanneau,420,45.0,Europe,102034,2005
Jeanneau,420,45.0,Europe,95961,2005
Jeanneau,420,45.0,Europe,93532,2005
Jeanneau,420,45.0,Europe,132402,2005
Jeanneau,420,49.0,USA,335000,2005
Jeanneau,420,49.0,Europe,216225,2005
Jeanneau,440,49.0,Europe,236875,2005
Jeanneau,440,49.0,Europe,162776,2005
Jeanneau,42mkiv,49.0,Europe,194359,2005
Jeanneau,42mkiv,49.0,Europe,151837,2005
Jeanneau,orana44,49.0,Europe,139690,2005
Jeanneau,orana44,49.0,Europe,163984,2005
Jeanneau,orana44,49.0,Europe,222298,2005
Jeanneau,orana44,49.0,Europe,168843,2005
Jeanneau,orana44,49.0,Europe,166420,2005
Jeanneau,orana44,49.0,USA,255000,2005
Jeanneau,orana44,55.0,Europe,251808,2005
Jeanneau,orana44,55.0,Europe,242939,2005
Jeanneau,orana44,55.0,Europe,236866,2005
Jeanneau,orana44,55.0,Europe,267233,2005
Jeanneau,44,55.0,Europe,358335,2005
Jeanneau,440,55.0,Europe,358287,2005
Jeanneau,440,55.0,Europe,301204,2005
Jeanneau,440,49.0,Caribbean,157968,2005
Malo,440,44.0,Europe,351047,2005
Malo,440,46.0,Europe,393128,2005
Moody,440,48.0,Europe,406940,2005
Morris,440,48.0,USA,479000,2005
Najad,440,38.0,Europe,233156,2005
Nauticat,440,38.0,Europe,306497,2005
Nauticat,440,43.0,Europe,321907,2005
Poncin,440,47.0,Europe,78955,2005
Salona,440,39.0,Europe,120285,2005
Salona,440,44.0,Europe,109323,2005
Salona,440,44.0,Europe,98390,2005
Salona,440,44.0,Europe,127543,2005
Salona,440,44.0,Europe,91858,2005
ShearWater,440,39.0,Caribbean,245000,2005
Sunbeam,440,39.0,Europe,186497,2005
Sunbeam,440,53.0,Europe,399651,2005
Sweden Yachts,440,43.0,Europe,166473,2005
Tartan,46,45.0,Europe,302459,2005
Tartan,46,45.0,USA,345000,2005
Van De Stadt,46,46.0,Europe,297560,2005
Wauquiez,495,40.0,Europe,151876,2005
Wauquiez,495,40.0,Europe,151837,2005
Wauquiez,495,40.0,Caribbean,145817,2005
Wauquiez,495,40.0,Caribbean,139696,2005
Wauquiez,47,40.0,Caribbean,146196,2005
Wauquiez,salina48,40.0,Europe,132436,2005
Wauquiez,salina48,41.0,Europe,168843,2005
X-Yachts,salina48,40.0,Europe,200476,2005
X-Yachts,salina48,50.0,Europe,334042,2005
Alliage,salina48,44.0,Europe,358287,2006
Amel,salina48,56.0,Caribbean,495000,2006
Bavaria,47,39.0,Europe,102668,2006
Bavaria,salina48,39.0,Europe,78955,2006
Bavaria,47,39.0,Europe,95961,2006
Bavaria,47,39.0,Europe,95961,2006
Bavaria,500,39.0,Europe,109201,2006
Bavaria,500,39.0,Europe,78955,2006
Bavaria,50,39.0,Europe,72760,2006
Bavaria,500,39.0,Europe,59520,2006
Bavaria,500,39.0,Europe,91102,2006
Bavaria,500,39.0,Europe,94770,2006
Bavaria,500,41.0,Europe,57091,2006
Bavaria,500,41.0,Europe,57091,2006
Bavaria,500,42.0,USA,109000,2006
Bavaria,500,42.0,Europe,109065,2006
Bavaria,500,42.0,Europe,102034,2006
Bavaria,500,42.0,Europe,120862,2006
Bavaria,500,42.0,Europe,145764,2006
Bavaria,500,46.0,Europe,94770,2006
Bavaria,50,46.0,Europe,89910,2006
Bavaria,lavezzi40,46.0,Europe,129000,2006
Bavaria,40.2,46.0,Europe,127548,2006
Bavaria,40.2,46.0,Europe,109350,2006
Bavaria,lipari41,46.0,Europe,108112,2006
Bavaria,420,46.0,Europe,103188,2006
Bavaria,420,46.0,Europe,102034,2006
Bavaria,420,46.0,Europe,100820,2006
Bavaria,415,46.0,Europe,99881,2006
Bavaria,415,49.0,Caribbean,184900,2006
Bavaria,orana44,49.0,Europe,173094,2006
Bavaria,orana44,49.0,Europe,127543,2006
Bavaria,orana44,49.0,Europe,121470,2006
Bavaria,440,49.0,Europe,117826,2006
Bavaria,440,49.0,Europe,97176,2006
Bavaria,440,49.0,Europe,121470,2006
Bavaria,46,49.0,Europe,115396,2006
Bavaria,47,49.0,Europe,139690,2006
Beneteau,salina48,39.0,USA,149000,2006
Beneteau,salina48,39.0,Europe,74115,2006
Beneteau,500,39.0,Europe,72639,2006
Beneteau,500,39.0,Europe,71667,2006
Beneteau,500,39.0,USA,160000,2006
Beneteau,500,39.0,USA,90838,2006
Beneteau,38,39.0,USA,99000,2006
Beneteau,1160,39.0,Europe,99630,2006
Beneteau,lipari41,39.0,Europe,91102,2006
Beneteau,lipari41,43.0,USA,176000,2006
Beneteau,400ownersversion,43.0,Europe,97176,2006
Beneteau,400,43.0,Europe,95961,2006
Beneteau,400,43.0,Europe,88673,2006
Beneteau,400,43.0,Europe,87458,2006
Beneteau,400,43.0,USA,145900,2006
Beneteau,lipari41,43.0,Europe,85017,2006
Beneteau,400,43.0,Europe,145764,2006
Beneteau,400,43.0,Europe,95961,2006
Beneteau,lipari41,43.0,USA,155969,2006
Beneteau,400,43.0,USA,144900,2006
Beneteau,400,43.0,USA,139900,2006
Beneteau,lavezzi40,43.0,USA,142000,2006
Beneteau,lavezzi40,43.0,USA,155000,2006
Beneteau,421,43.0,Europe,95961,2006
Beneteau,421,43.0,Caribbean,85000,2006
Beneteau,421,43.0,USA,159900,2006
Beneteau,421,44.0,USA,149000,2006
Beneteau,orana44,44.0,Europe,131187,2006
Beneteau,441,44.0,Europe,151837,2006
Beneteau,441,44.0,USA,155000,2006
Beneteau,441,47.0,USA,229000,2006
Beneteau,441,47.0,Europe,151837,2006
Beneteau,441,47.0,USA,299000,2006
Beneteau,441,47.0,Europe,151876,2006
Beneteau,442ownersversion,47.0,Europe,151876,2006
Beneteau,442ownersversion,47.0,Europe,151876,2006
Beneteau,44i,47.0,Europe,144586,2006
Beneteau,44i,47.0,Europe,144586,2006
Beneteau,440,49.0,Europe,241734,2006
Beneteau,440,49.0,Europe,194359,2006
Beneteau,440,49.0,Europe,194351,2006
Beneteau,440,49.0,Europe,188278,2006
Beneteau,440,49.0,Europe,185858,2006
Beneteau,46,49.0,Caribbean,189000,2006
Beneteau,46,49.0,Europe,205284,2006
Beneteau,47,49.0,Europe,206498,2006
Beneteau,47,49.0,Europe,224719,2006
Beneteau,atlantic48,49.0,Europe,157668,2006
Beneteau,49,49.0,Europe,199781,2006
Beneteau,500owner'sversion,51.0,Europe,103249,2006
Beneteau,500,51.0,Europe,144549,2006
Beneteau,500,51.0,Caribbean,139000,2006
Beneteau,500,51.0,USA,199900,2006
Beneteau,500,53.0,USA,337000,2006
Beneteau,500,53.0,Europe,176131,2006
Beneteau,39,53.0,Europe,230792,2006
Beneteau,39,53.0,Europe,194108,2006
Beneteau,380,53.0,Europe,361980,2006
Beneteau,385,53.0,Europe,252657,2006
C&C,lipari41,38.0,USA,129900,2006
C&C,lipari41,38.0,USA,144900,2006
C&C,lipari41,38.0,USA,129000,2006
Cabo Rico,lipari41,46.0,USA,349000,2006
Catalina,lipari41,38.0,USA,135900,2006
Catalina,lipari41,38.0,USA,159900,2006
Catalina,400,40.0,USA,145000,2006
Catalina,400,42.0,USA,159900,2006
Catalina,400,46.0,USA,219000,2006
Catalina,400,46.0,Caribbean,200000,2006
Comar,400,41.0,Europe,139690,2006
Comar,lipari41,41.0,Europe,120255,2006
Delphia,lipari41,39.0,Europe,78945,2006
Delphia,421,39.0,Europe,159277,2006
Dufour,421,38.0,Europe,103249,2006
Dufour,44,40.0,Europe,108108,2006
Dufour,44,44.0,Europe,132402,2006
Dufour,44,45.0,Europe,145764,2006
Dufour,44,45.0,Europe,132402,2006
Dufour,42ownersversion,45.0,Europe,163984,2006
Dufour,42ownersversion,45.0,Europe,168886,2006
Elan,44,38.0,Europe,100212,2006
Elan,44,38.0,Europe,93076,2006
Elan,orana44,38.0,Europe,72882,2006
Elan,441,38.0,Europe,59520,2006
Elan,441,44.0,Europe,109080,2006
Elan,441,44.0,Europe,168843,2006
Elan,450,44.0,Europe,129973,2006
Elan,450,44.0,Europe,106893,2006
Elan,450,44.0,Europe,201697,2006
Grand Soleil,450,41.0,Europe,145744,2006
Grand Soleil,450,41.0,Europe,111752,2006
Grand Soleil,450,43.0,Europe,157911,2006
Grand Soleil,450,45.0,Europe,200425,2006
Grand Soleil,450,45.0,Europe,193137,2006
Grand Soleil,450,45.0,Europe,176176,2006
Grand Soleil,450f,45.0,Europe,156742,2006
Grand Soleil,450,45.0,Europe,144549,2006
Grand Soleil,450,49.0,Caribbean,273182,2006
Grand Soleil,450,49.0,Europe,206498,2006
Hanse,450f,40.0,Europe,108135,2006
Hanse,450f,40.0,Europe,93249,2006
Hanse,46,40.0,Europe,91102,2006
Hanse,46,40.0,Europe,139690,2006
Hanse,salina48,40.0,Europe,115275,2006
Hanse,49,40.0,Europe,100820,2006
Hanse,49,46.0,Europe,200425,2006
Hanse,49,46.0,Europe,194351,2006
Hanse,500,46.0,Europe,162769,2006
Hanse,500,46.0,Europe,143371,2006
Hanse,380,46.0,Europe,143371,2006
Hanse,39,47.0,Europe,199990,2006
Hanse,lipari41,52.0,Europe,267233,2006
Hanse,400,53.0,Europe,179782,2006
Hanse,400,53.0,Europe,179775,2006
Harmony,400,38.0,Europe,66549,2006
Harmony,400,47.0,Europe,82588,2006
Hunter,400,37.0,USA,109000,2006
Hunter,400,38.0,USA,95000,2006
Hunter,400,38.0,Europe,95961,2006
Hunter,400,38.0,USA,89900,2006
Hunter,400,38.0,USA,117300,2006
Hunter,400,38.0,USA,108551,2006
Hunter,feeling39di,38.0,USA,94500,2006
Hunter,400,38.0,USA,119000,2006
Hunter,421,38.0,USA,105000,2006
Hunter,44,38.0,USA,109400,2006
Hunter,44,40.0,USA,120000,2006
Hunter,44,40.0,Europe,95948,2006
Hunter,44,40.0,Europe,94733,2006
Hunter,helia44,40.0,USA,139000,2006
Hunter,helia44,40.0,USA,149500,2006
Hunter,helia44,40.0,USA,149000,2006
Hunter,44i,40.0,USA,174500,2006
Hunter,450,44.0,USA,163000,2006
Hunter,450f,44.0,Caribbean,159000,2006
Hunter,450,44.0,USA,169900,2006
Hunter,450,45.0,USA,205000,2006
Hunter,450,45.0,USA,167500,2006
Hunter,450,45.0,USA,179900,2006
Island Packet,450,45.0,USA,350000,2006
Island Packet,450,45.0,Europe,279854,2006
Island Packet,450,45.0,Europe,279845,2006
Island Packet,450,45.0,Europe,376505,2006
Island Packet,450,45.0,Europe,340008,2006
Island Packet,450,52.0,Europe,533252,2006
J Boats,450,40.0,USA,189000,2006
Jeanneau,450,40.0,Europe,119648,2006
Jeanneau,450,40.0,Europe,72760,2006
Jeanneau,450,40.0,USA,129500,2006
Jeanneau,450,40.0,Europe,115396,2006
Jeanneau,450,40.0,Europe,103249,2006
Jeanneau,450,40.0,USA,129900,2006
Jeanneau,450,40.0,Europe,113913,2006
Jeanneau,450,42.0,Caribbean,180000,2006
Jeanneau,450,42.0,USA,159000,2006
Jeanneau,450,42.0,Europe,133230,2006
Jeanneau,450,42.0,USA,198500,2006
Jeanneau,450,45.0,Europe,173702,2006
Jeanneau,450,45.0,Europe,139690,2006
Jeanneau,450,45.0,Europe,115396,2006
Jeanneau,450,45.0,USA,169000,2006
Jeanneau,450,45.0,Europe,109323,2006
Jeanneau,450,45.0,Europe,103188,2006
Jeanneau,450,45.0,Europe,156696,2006
Jeanneau,450,45.0,Europe,132436,2006
Jeanneau,450,45.0,Europe,132402,2006
Jeanneau,salina48,48.0,Europe,206507,2006
Jeanneau,salina48,49.0,Europe,132407,2006
Jeanneau,500,49.0,USA,278165,2006
Jeanneau,500,49.0,USA,175000,2006
Jeanneau,500,49.0,Europe,200433,2006
Jeanneau,voyage520dc,49.0,Europe,252667,2006
Jeanneau,542,49.0,Europe,115396,2006
Jeanneau,39,49.0,Europe,206507,2006
Jeanneau,39,49.0,USA,279900,2006
Jeanneau,39,49.0,USA,249900,2006
Jeanneau,39,49.0,Europe,224728,2006
Jeanneau,39,55.0,Europe,179775,2006
Jeanneau,400s2,55.0,Europe,299771,2006
Jeanneau,400,55.0,Europe,230792,2006
Najad,400,44.0,Europe,413104,2006
Nordship,400,38.0,Europe,200425,2006
Oyster,400,46.0,USA,499000,2006
Passport,lipari41,47.0,USA,489000,2006
Passport,400s2,51.0,USA,635000,2006
Sabre,400,38.0,USA,194995,2006
Sabre,lipari41,42.0,USA,285000,2006
Sabre,400,42.0,USA,285000,2006
Tayana,400,48.0,USA,386000,2006
Wauquiez,400s2,40.0,Europe,170057,2006
Wauquiez,400,42.0,Europe,156696,2006
Wauquiez,400,42.0,Europe,193137,2006
Wauquiez,lipari41,47.0,Europe,279391,2006
X-Yachts,400,40.0,Europe,180990,2006
X-Yachts,ocema42,40.0,Europe,212572,2006
X-Yachts,421,43.0,Europe,208928,2006
X-Yachts,421,50.0,Europe,425144,2006
X-Yachts,ocema42,50.0,Europe,358209,2006
X-Yachts,44,50.0,Europe,388703,2006
Zuanelli,44,52.0,Europe,346188,2006
Allures,helia44,44.0,Europe,290312,2007
Alubat,helia44,41.0,Europe,194351,2007
Alubat,helia44,54.0,Europe,352262,2007
Amel,helia44,56.0,Europe,504099,2007
Archambault,helia44,39.0,Europe,119024,2007
Bavaria,450,39.0,Europe,123292,2007
Bavaria,450,39.0,Europe,91102,2007
Bavaria,450,39.0,USA,85900,2007
Bavaria,450f,39.0,Europe,97176,2007
Bavaria,450f,39.0,Europe,69238,2007
Bavaria,450,39.0,Europe,68040,2007
Bavaria,450,39.0,Europe,68023,2007
Bavaria,450f,39.0,Europe,67537,2007
Bavaria,450,39.0,Europe,91102,2007
Bavaria,450,39.0,Europe,99898,2007
Bavaria,450f,45.0,Europe,139690,2007
Bavaria,450,45.0,Europe,156696,2007
Bavaria,450,45.0,Europe,176131,2007
Bavaria,450,46.0,Europe,133009,2007
Bavaria,450,46.0,Europe,131795,2007
Bavaria,450,46.0,Europe,91831,2007
Bavaria,450,46.0,USA,129900,2007
Bavaria,450,46.0,Europe,105705,2007
Bavaria,450ownersversion,46.0,Europe,115396,2007
Bavaria,450f,46.0,Caribbean,151892,2007
Bavaria,450,49.0,Europe,180382,2007
Bavaria,450,49.0,Europe,173094,2007
Bavaria,450,49.0,Europe,108108,2007
Bavaria,450,49.0,Europe,107486,2007
Bavaria,450,49.0,Europe,94746,2007
Bavaria,450,49.0,Europe,145769,2007
Bavaria,450,49.0,Europe,133617,2007
Bavaria,450,49.0,Europe,121470,2007
Bavaria,450,49.0,Europe,184634,2007
Bavaria,450,49.0,Europe,182212,2007
Bavaria,450,46.0,Caribbean,152910,2007
Bavaria,450,49.0,Caribbean,200498,2007
Beneteau,450,39.0,Europe,78955,2007
Beneteau,450,39.0,Europe,72639,2007
Beneteau,450,39.0,Europe,66808,2007
Beneteau,salina48,39.0,Europe,87458,2007
Beneteau,salina48,39.0,Europe,70452,2007
Beneteau,salina48,39.0,Europe,94746,2007
Beneteau,48,39.0,Europe,83814,2007
Beneteau,48,40.0,Europe,91125,2007
Beneteau,48,40.0,Europe,95985,2007
Beneteau,48,40.0,Europe,146488,2007
Beneteau,52,40.0,Europe,106562,2007
Beneteau,52,40.0,Europe,108135,2007
Beneteau,52f,43.0,Europe,115396,2007
Beneteau,52f,43.0,Europe,114789,2007
Beneteau,52,43.0,Europe,87458,2007
Beneteau,52,43.0,USA,138900,2007
Beneteau,52,43.0,Europe,127543,2007
Beneteau,52f,43.0,Europe,112951,2007
Beneteau,52,43.0,Europe,91102,2007
Beneteau,542,43.0,Europe,91041,2007
Beneteau,39,43.0,Caribbean,125000,2007
Beneteau,39,43.0,USA,154900,2007
Beneteau,39,43.0,Europe,113246,2007
Beneteau,380ownersversion,43.0,USA,129900,2007
Beneteau,380,43.0,Caribbean,125000,2007
Beneteau,380,47.0,Europe,194351,2007
Beneteau,380s2,47.0,Europe,174916,2007
Beneteau,380,47.0,Europe,163991,2007
Beneteau,380,47.0,Europe,160346,2007
Beneteau,39,47.0,Caribbean,130000,2007
Beneteau,39,47.0,Europe,202854,2007
Beneteau,39,49.0,USA,299900,2007
Beneteau,39,49.0,Europe,228363,2007
Beneteau,39,49.0,USA,269000,2007
Beneteau,39,49.0,Europe,240520,2007
Beneteau,39,49.0,Europe,240510,2007
Beneteau,39,49.0,Europe,212572,2007
Beneteau,lipari41,49.0,Europe,188278,2007
Beneteau,400,49.0,USA,199900,2007
Beneteau,lipari41,49.0,Europe,230761,2007
Beneteau,lipari41,51.0,Europe,139690,2007
Beneteau,400,51.0,USA,149900,2007
Beneteau,400,51.0,Europe,176131,2007
Beneteau,400s2,51.0,Europe,150622,2007
Beneteau,400,51.0,Europe,145764,2007
Beneteau,400,51.0,USA,174900,2007
Beneteau,400s2,53.0,USA,279000,2007
Beneteau,400s2,53.0,Europe,191922,2007
Beneteau,400s2,53.0,Europe,218645,2007
Beneteau,400s2,53.0,Europe,194351,2007
Beneteau,400s2,49.0,Caribbean,265000,2007
Beneteau,400,49.0,Caribbean,206574,2007
Beneteau,400,51.0,Caribbean,303785,2007
Bestevaer,400,53.0,Europe,911022,2007
Cabo Rico,400,46.0,USA,274000,2007
Caliber,400,48.0,USA,339950,2007
Caliber,400,48.0,USA,389900,2007
Catalina,400,42.0,USA,159800,2007
Catalina,400s2,46.0,Caribbean,209999,2007
Catalina,400s2,46.0,USA,214900,2007
Catalina,400,47.0,USA,274999,2007
Comar,400,41.0,Europe,139671,2007
Comar,400,41.0,Europe,133617,2007
Comar,400,41.0,Europe,97176,2007
Comar,lipari41,41.0,Europe,148173,2007
Comar,40open,46.0,Europe,163984,2007
Comar,421,52.0,Europe,273318,2007
Comar,421,52.0,Europe,267244,2007
Contest,421,49.0,Europe,582470,2007
Contest,421,55.0,Europe,589128,2007
Dehler,421,39.0,Europe,193793,2007
Dehler,44,44.0,Europe,193137,2007
Dehler,44,44.0,Europe,205284,2007
Dehler,44,47.0,Europe,261160,2007
Dehler,helia44,47.0,Europe,205284,2007
Dehler,450,47.0,Europe,193186,2007
Delphia,450f,39.0,Europe,91090,2007
Dufour,450,38.0,Caribbean,72908,2007
Dufour,450f,38.0,Europe,91102,2007
Dufour,450f,38.0,Europe,102034,2007
Dufour,450,38.0,Europe,91102,2007
Dufour,450f,40.0,Europe,95985,2007
Dufour,450,40.0,Europe,133598,2007
Dufour,450f,45.0,Europe,159171,2007
Dufour,450,48.0,Europe,212580,2007
Dufour,450,48.0,Europe,200433,2007
Dufour,450,48.0,Europe,204069,2007
Dufour,450,48.0,Europe,194351,2007
Dufour,450,48.0,Europe,188285,2007
Dufour,450,50.0,Europe,261160,2007
Elan,450,40.0,Europe,97041,2007
Elan,450,44.0,Europe,84786,2007
Elan,450f,44.0,Europe,83814,2007
Elan,450f,44.0,Europe,145156,2007
Elan,450,44.0,Europe,200425,2007
Elan,450,44.0,Europe,179775,2007
Elan,450,44.0,Europe,127543,2007
Elan,450,52.0,Europe,202854,2007
Grand Soleil,450,41.0,Europe,109308,2007
Grand Soleil,450,41.0,Europe,95948,2007
Grand Soleil,450,43.0,Europe,176131,2007
Grand Soleil,450,43.0,Europe,224719,2007
Grand Soleil,450ownersversion,45.0,Europe,194230,2007
Grand Soleil,salina48evolution,45.0,Europe,193137,2007
Grand Soleil,salina48,45.0,Europe,200484,2007
Grand Soleil,salina48,49.0,Europe,267244,2007
Grand Soleil,48,49.0,Europe,267233,2007
Grand Soleil,48,49.0,Europe,281810,2007
Grand Soleil,48,49.0,Europe,281810,2007
Grand Soleil,48crewedversion,49.0,Europe,285415,2007
Grand Soleil,48,49.0,Europe,279380,2007
Grand Soleil,48,53.0,Europe,467658,2007
Grand Soleil,saba50,55.0,Europe,473751,2007
Grand Soleil,saba50,55.0,Europe,473732,2007
Hallberg-Rassy,52f,40.0,Europe,407217,2007
Hallberg-Rassy,52,55.0,Europe,789445,2007
Hanse,52,40.0,Europe,120255,2007
Hanse,52,40.0,Europe,103249,2007
Hanse,52,40.0,Europe,103154,2007
Hanse,52,40.0,Europe,103128,2007
Hanse,52,40.0,Europe,91102,2007
Hanse,52,43.0,Europe,136653,2007
Hanse,542,43.0,Europe,136046,2007
Hanse,series5,43.0,Europe,168843,2007
Hanse,39,43.0,Caribbean,157907,2007
Hanse,380,43.0,Europe,145642,2007
Hanse,380,47.0,Europe,181036,2007
Hanse,380,47.0,Europe,180990,2007
Hanse,39,47.0,Europe,236866,2007
Hanse,39,47.0,Europe,236866,2007
Hanse,39,47.0,Europe,181597,2007
Hanse,39,52.0,Europe,258730,2007
Hanse,39,52.0,Europe,253882,2007
Hanse,39,52.0,Europe,239750,2007
Hunter,39,38.0,USA,109700,2007
Hunter,39,38.0,Caribbean,105000,2007
Hunter,39,38.0,USA,99000,2007
Hunter,39,45.0,USA,175900,2007
Hunter,39,45.0,USA,173000,2007
Hunter,39,50.0,USA,249000,2007
Hunter,39,50.0,USA,225000,2007
Hunter,lipari41,50.0,USA,249000,2007
Hylas,sunsail404,46.0,USA,360000,2007
Island Packet,400,41.0,USA,265900,2007
Island Packet,400,41.0,USA,275000,2007
Island Packet,400,48.0,Europe,319756,2007
Island Packet,400,52.0,USA,447000,2007
J Boats,400,40.0,USA,225000,2007
J Boats,400,40.0,Europe,133617,2007
J Boats,40open,40.0,USA,219000,2007
J Boats,40open,40.0,Europe,191363,2007
Jeanneau,40open,39.0,Europe,75311,2007
Jeanneau,40open,39.0,Europe,145764,2007
Jeanneau,40open,39.0,Europe,112967,2007
Jeanneau,40open,39.0,Europe,103275,2007
Jeanneau,40open,39.0,Europe,102034,2007
Jeanneau,40open,39.0,Europe,95985,2007
Jeanneau,4.0,39.0,Europe,91125,2007
Jeanneau,4.0,39.0,Europe,115912,2007
Jeanneau,1250,39.0,Europe,115396,2007
Jeanneau,421,39.0,Europe,103275,2007
Jeanneau,421,39.0,Europe,99605,2007
Jeanneau,421,39.0,Europe,111780,2007
Jeanneau,421,42.0,USA,169000,2007
Jeanneau,4.3,42.0,Europe,84786,2007
Jeanneau,44,42.0,USA,175000,2007
Jeanneau,44,42.0,USA,168717,2007
Jeanneau,44,42.0,Europe,200398,2007
Jeanneau,44,42.0,Caribbean,169000,2007
Jeanneau,44,42.0,Caribbean,129000,2007
Jeanneau,44,42.0,Europe,139671,2007
Jeanneau,44,42.0,Europe,121440,2007
Jeanneau,44,42.0,USA,168000,2007
Jeanneau,44,42.0,USA,149900,2007
Jeanneau,44,42.0,Europe,160340,2007
Jeanneau,44,45.0,Europe,127576,2007
Jeanneau,44,45.0,Europe,109350,2007
Jeanneau,4.3,45.0,Europe,111752,2007
Jeanneau,4.3,45.0,Europe,145807,2007
Jeanneau,4.3,45.0,Europe,145764,2007
Jeanneau,helia44,45.0,Europe,133651,2007
Jeanneau,helia44,45.0,Europe,121470,2007
Jeanneau,helia44,45.0,Europe,120285,2007
Jeanneau,helia44,45.0,Europe,120255,2007
Jeanneau,helia44maestro,45.0,Europe,109350,2007
Jeanneau,helia44,45.0,Europe,162811,2007
Jeanneau,helia44,45.0,Europe,109229,2007
Jeanneau,helia44,49.0,USA,249000,2007
Jeanneau,helia44,49.0,Europe,230802,2007
Jeanneau,helia44,49.0,Europe,230792,2007
Jeanneau,helia44,49.0,Europe,230761,2007
Jeanneau,4.5,49.0,Europe,229587,2007
Jeanneau,4.5,49.0,Europe,229578,2007
Jeanneau,4.5,49.0,Europe,168820,2007
Jeanneau,4.5,49.0,Europe,163991,2007
Jeanneau,45,49.0,Europe,127543,2007
Jeanneau,450,49.0,USA,169000,2007
Jeanneau,450,49.0,Europe,205284,2007
Jeanneau,450,55.0,Europe,278165,2007
Jeanneau,450,55.0,Europe,267244,2007
Jeanneau,450,55.0,Europe,303674,2007
Jeanneau,450,55.0,Europe,303633,2007
Jeanneau,450,55.0,Europe,325868,2007
Jeanneau,450,55.0,Europe,325539,2007
Jeanneau,450,55.0,Caribbean,309000,2007
Jeanneau,450,55.0,USA,339500,2007
Malo,450,40.0,Europe,425144,2007
Maxi,450,41.0,Europe,302459,2007
Maxi,450s,41.0,Europe,346474,2007
Nautor,450s,46.0,Europe,546613,2007
Oyster,450s,53.0,Europe,646174,2007
Poncin,450,47.0,Europe,163991,2007
Poncin,450,52.0,Europe,91102,2007
Poncin,450,52.0,Europe,115396,2007
Rustler,450s,42.0,Europe,358393,2007
Sly,450s,42.0,Europe,206498,2007
Sly,450,42.0,Europe,205284,2007
Sly,450,53.0,Europe,388703,2007
Southerly,450,44.0,USA,295000,2007
Sweden Yachts,450,46.0,Europe,351047,2007
Tayana,450,46.0,USA,275000,2007
Tayana,450,52.0,USA,365000,2007
Vismara,450f,52.0,Europe,425161,2007
Vismara,450f,52.0,Europe,425144,2007
Vismara,450f,52.0,Europe,422714,2007
Wauquiez,450,42.0,Europe,188278,2007
X-Yachts,450,40.0,Europe,184634,2007
X-Yachts,450,40.0,Europe,182204,2007
X-Yachts,450,40.0,Europe,180990,2007
X-Yachts,450,40.0,Europe,170056,2007
X-Yachts,450,41.0,Europe,224776,2007
X-Yachts,450,41.0,Europe,206470,2007
X-Yachts,450f,46.0,Europe,224776,2007
X-Yachts,450,46.0,Europe,241725,2007
X-Yachts,48,55.0,Europe,570907,2007
Allures,48,44.0,Europe,289098,2008
Allures,48,44.0,Europe,425144,2008
Amel,48,56.0,Europe,558760,2008
Archambault,48,39.0,Europe,127543,2008
Archambault,saba50,39.0,Europe,127526,2008
Bavaria,saba50,38.0,Europe,97176,2008
Bavaria,saba50,38.0,Europe,69238,2008
Bavaria,saba50maestro,38.0,Caribbean,92351,2008
Bavaria,saba50,38.0,Europe,82599,2008
Bavaria,saba50,39.0,USA,93693,2008
Bavaria,saba50,39.0,Europe,95961,2008
Bavaria,voyage480,40.0,Europe,97200,2008
Bavaria,52f,40.0,Europe,97162,2008
Bavaria,52f,40.0,Europe,94746,2008
Bavaria,52f,40.0,Europe,91090,2008
Bavaria,52,40.0,Europe,84807,2008
Bavaria,52,40.0,Europe,81385,2008
Bavaria,52,40.0,Europe,72840,2008
Bavaria,52,40.0,Europe,69238,2008
Bavaria,52f,40.0,Europe,106893,2008
Bavaria,52f,42.0,Europe,78955,2008
Bavaria,52f,42.0,Europe,120255,2008
Bavaria,52f,46.0,Europe,120862,2008
Bavaria,52,46.0,Europe,117826,2008
Bavaria,52,46.0,Europe,91831,2008
Bavaria,52,46.0,Europe,151473,2008
Bavaria,series5,46.0,Europe,109327,2008
Bavaria,series5,46.0,Europe,103249,2008
Bavaria,380,46.0,Europe,144555,2008
Bavaria,380,46.0,Europe,109327,2008
Bavaria,39,46.0,Europe,109323,2008
Bavaria,39,46.0,Europe,133622,2008
Bavaria,39,49.0,Europe,226535,2008
Bavaria,39,49.0,Europe,103249,2008
Bavaria,39,49.0,Caribbean,285000,2008
Bavaria,40,49.0,Europe,176131,2008
Bavaria,400,49.0,Europe,157911,2008
Bavaria,400s2,49.0,Europe,133617,2008
Bavaria,40,49.0,Europe,132402,2008
Bavaria,40,49.0,Europe,127526,2008
Bavaria,40,49.0,Europe,193137,2008
Bavaria,40,49.0,Europe,133622,2008
Bavaria,400,49.0,Europe,159878,2008
Bavaria,400,49.0,Europe,182212,2008
Bavaria,400s2,49.0,Europe,163984,2008
Beneteau,400,39.0,Europe,78955,2008
Beneteau,400,40.0,Europe,103275,2008
Beneteau,lucia40,40.0,Europe,84786,2008
Beneteau,400,40.0,Europe,82599,2008
Beneteau,400s2,40.0,Europe,123899,2008
Beneteau,400,40.0,Europe,115396,2008
Beneteau,400s2,40.0,Europe,95985,2008
Beneteau,400,40.0,Europe,109323,2008
Beneteau,400s2,40.0,USA,139000,2008
Beneteau,400,40.0,USA,155969,2008
Beneteau,400,40.0,Europe,100820,2008
Beneteau,400,40.0,USA,159000,2008
Beneteau,lucia40,43.0,USA,189500,2008
Beneteau,40open,43.0,USA,159500,2008
Beneteau,40open,43.0,USA,154000,2008
Beneteau,40open,43.0,Europe,133617,2008
Beneteau,40open,43.0,Europe,133598,2008
Beneteau,40open,43.0,Europe,121457,2008
Beneteau,40,43.0,Europe,109311,2008
Beneteau,4.0,43.0,Europe,95961,2008
Beneteau,4.0,43.0,Europe,91090,2008
Beneteau,4.0,43.0,Europe,121470,2008
Beneteau,4.0,43.0,Europe,115396,2008
Beneteau,mastfoil40,43.0,USA,159900,2008
Beneteau,4.1,43.0,USA,169000,2008
Beneteau,4.1,43.0,USA,165000,2008
Beneteau,41,43.0,Europe,163962,2008
Beneteau,4.3,43.0,Europe,144549,2008
Beneteau,421,43.0,Europe,188278,2008
Beneteau,421,43.0,Europe,131187,2008
Beneteau,42,43.0,USA,174000,2008
Beneteau,42,46.0,Europe,206308,2008
Beneteau,44,46.0,Europe,188278,2008
Beneteau,44,46.0,Europe,212572,2008
Beneteau,42,47.0,USA,199000,2008
Beneteau,42,47.0,Europe,169493,2008
Beneteau,42,47.0,USA,185000,2008
Beneteau,42,47.0,Europe,182204,2008
Beneteau,42,47.0,USA,198900,2008
Beneteau,4.3,47.0,Europe,177346,2008
Beneteau,4.3,47.0,Europe,157904,2008
Beneteau,4.3,47.0,Europe,166580,2008
Beneteau,helia44,49.0,USA,249000,2008
Beneteau,helia44evolution,49.0,Europe,302472,2008
Beneteau,helia44,49.0,USA,238000,2008
Beneteau,helia44,49.0,Europe,298827,2008
Beneteau,helia44,49.0,Europe,193186,2008
Beneteau,helia44,49.0,Europe,200425,2008
Beneteau,helia44,49.0,Caribbean,240000,2008
Beneteau,4.5,49.0,Europe,309760,2008
Beneteau,46fly,49.0,Europe,204077,2008
Beneteau,450,49.0,USA,215000,2008
Beneteau,450,49.0,Europe,297613,2008
Beneteau,450f,49.0,Europe,224719,2008
Beneteau,450f,51.0,Europe,200425,2008
Beneteau,450f,51.0,Europe,145764,2008
Beneteau,450,51.0,Europe,139690,2008
Beneteau,450f,51.0,Europe,145764,2008
Beneteau,450f,53.0,Europe,425144,2008
Beneteau,450,53.0,Europe,206509,2008
Beneteau,450f,56.0,Europe,352276,2008
C&C,450f,38.0,USA,134900,2008
Caliber,450f,48.0,USA,309950,2008
Catalina,45f,42.0,USA,188000,2008
Catalina,48,47.0,USA,285000,2008
Catalina,48crewedversion,47.0,USA,249000,2008
Comar,48,45.0,Europe,120255,2008
Comar,48,46.0,Europe,120012,2008
Comar,saba50,46.0,Europe,241725,2008
Comar,saba50,52.0,Europe,267244,2008
Dehler,saba50,41.0,Europe,176046,2008
Dehler,saba50,47.0,Europe,238688,2008
Dehler,saba50,47.0,Europe,205284,2008
Dufour,saba50maestro,42.0,Europe,139690,2008
Dufour,saba50,45.0,Europe,97200,2008
Dufour,52,45.0,Europe,145801,2008
Dufour,52f,45.0,Europe,109323,2008
Dufour,52,48.0,Europe,230802,2008
Dufour,52,48.0,Europe,242939,2008
Dufour,52,50.0,Europe,229587,2008
Dufour,52,50.0,Europe,229578,2008
Dufour,52,50.0,Europe,291527,2008
Elan,dh550,40.0,Europe,103235,2008
Elan,dh550,44.0,Europe,200425,2008
Elan,dh550,44.0,Europe,194351,2008
Elan,39,44.0,Europe,182015,2008
Elan,39,44.0,Europe,168843,2008
Elan,39,44.0,Europe,165806,2008
Elan,39,44.0,Europe,101913,2008
Elan,40,44.0,Europe,157911,2008
Elan,40,52.0,Europe,133617,2008
Grand Soleil,400,43.0,Europe,239295,2008
Grand Soleil,lucia40,43.0,Europe,224719,2008
Grand Soleil,lucia40,43.0,Europe,126570,2008
Grand Soleil,lucia40,45.0,Europe,212572,2008
Grand Soleil,400,49.0,Caribbean,229000,2008
Grand Soleil,400s2,53.0,Europe,455449,2008
Grand Soleil,400,53.0,Europe,376556,2008
Grand Soleil,lucia40,55.0,Europe,353064,2008
Hallberg-Rassy,lucia40,40.0,Europe,363194,2008
Hallberg-Rassy,400,40.0,USA,299500,2008
Hallberg-Rassy,lucia40owner'sversion,44.0,USA,389000,2008
Hallberg-Rassy,1190sport,55.0,Europe,1001988,2008
Hanse,1190sport,40.0,Europe,132402,2008
Hanse,40open,40.0,Europe,115396,2008
Hanse,40open,40.0,Europe,106920,2008
Hanse,4.3,40.0,Europe,106893,2008
Hanse,42,43.0,Europe,133495,2008
Hanse,42,43.0,Europe,153052,2008
Hanse,42,43.0,Europe,145764,2008
Hanse,42,47.0,USA,249000,2008
Hanse,42,47.0,Europe,224719,2008
Hanse,42ownersversion,47.0,Europe,188326,2008
Hanse,42,52.0,USA,397000,2008
Hanse,42ownersversion,52.0,Europe,267244,2008
Hanse,42,52.0,Europe,241603,2008
Hanse,42,52.0,Europe,254479,2008
Hanse,42,52.0,Europe,249023,2008
Hanse,42,52.0,Europe,242949,2008
Hanse,42,52.0,Europe,303674,2008
Hanse,42,52.0,Europe,267244,2008
Hanse,42,52.0,Caribbean,280000,2008
Hunter,42,38.0,USA,105000,2008
Hunter,42,38.0,USA,104000,2008
Hunter,42,38.0,USA,119500,2008
Hunter,42,38.0,USA,109900,2008
Hunter,42,38.0,USA,109500,2008
Hunter,42,40.0,USA,120000,2008
Hunter,42,40.0,USA,135000,2008
Hunter,42,40.0,USA,140294,2008
Hunter,42,40.0,USA,125000,2008
Hunter,42,45.0,USA,245000,2008
Hunter,42,45.0,USA,210000,2008
Hunter,42,45.0,USA,210000,2008
Hunter,42,50.0,USA,219900,2008
Hunter,42,45.0,Caribbean,174900,2008
Hylas,42,46.0,Europe,425675,2008
Island Packet,42,45.0,Europe,358287,2008
Island Packet,42,45.0,Europe,366387,2008
Island Packet,42,49.0,Caribbean,330000,2008
J Boats,42,40.0,Europe,212572,2008
J Boats,42,40.0,Europe,206498,2008
J Boats,42,40.0,Europe,204121,2008
Jeanneau,42,39.0,USA,149000,2008
Jeanneau,42,39.0,USA,132790,2008
Jeanneau,42,39.0,USA,129990,2008
Jeanneau,42,39.0,Europe,96593,2008
Jeanneau,42,39.0,Europe,78955,2008
Jeanneau,42,39.0,Caribbean,109000,2008
Jeanneau,4.3,39.0,Europe,119040,2008
Jeanneau,helia44,39.0,USA,89000,2008
Jeanneau,helia44,39.0,Europe,87458,2008
Jeanneau,helia44,39.0,Europe,97200,2008
Jeanneau,4.5,39.0,USA,129900,2008
Jeanneau,4.5,42.0,Caribbean,149000,2008
Jeanneau,4.5,42.0,Europe,99630,2008
Jeanneau,4.5,42.0,Europe,93519,2008
Jeanneau,46open,42.0,Europe,178606,2008
Jeanneau,46open,42.0,Europe,151837,2008
Jeanneau,46open,42.0,Europe,145744,2008
Jeanneau,46open,42.0,Europe,138511,2008
Jeanneau,46fly,42.0,Europe,127526,2008
Jeanneau,46fly,42.0,Europe,176131,2008
Jeanneau,46fly,45.0,Europe,145801,2008
Jeanneau,46open,45.0,Europe,121506,2008
Jeanneau,46open,45.0,Europe,121470,2008
Jeanneau,46open,45.0,Europe,151876,2008
Jeanneau,46fly,45.0,Europe,212626,2008
Jeanneau,46fly,45.0,Europe,200425,2008
Jeanneau,45,45.0,Europe,145199,2008
Jeanneau,45,45.0,USA,199000,2008
Jeanneau,450f,49.0,Europe,134710,2008
Jeanneau,450f,49.0,Europe,132402,2008
Jeanneau,450,49.0,Europe,122684,2008
Jeanneau,450f,49.0,Europe,120255,2008
Jeanneau,450f,49.0,Europe,120161,2008
Jeanneau,450s,49.0,Europe,113574,2008
Jeanneau,450s,49.0,Europe,249013,2008
Jeanneau,450,49.0,Europe,236866,2008
Jeanneau,450s,49.0,Europe,121409,2008
Jeanneau,450s,49.0,Europe,176131,2008
Jeanneau,450f,49.0,Europe,173709,2008
Jeanneau,450f,49.0,USA,244900,2008
Jeanneau,450f,49.0,Caribbean,99999,2008
Jeanneau,450f,49.0,USA,199900,2008
Jeanneau,450f,55.0,Europe,169815,2008
Jeanneau,450f,55.0,Europe,169791,2008
Jeanneau,450f,55.0,Europe,303674,2008
Jeanneau,450,55.0,Europe,273270,2008
Jeanneau,450,55.0,Europe,261124,2008
Jeanneau,4.6,55.0,Europe,364409,2008
Jeanneau,48,55.0,Europe,278454,2008
Malo,48,40.0,Europe,332413,2008
Maxi,48,41.0,Europe,347601,2008
Maxi,48,41.0,Europe,290312,2008
Morris,saba50,42.0,USA,495000,2008
Oyster,52f,54.0,Europe,792729,2008
Passport,52,47.0,USA,524500,2008
Poncin,52,52.0,Europe,91102,2008
Sabre,52f,42.0,USA,299000,2008
Sabre,52f,42.0,USA,325000,2008
Salona,52f,44.0,Europe,170057,2008
ShearWater,52,43.0,Caribbean,220000,2008
Sly,series5,53.0,Europe,382629,2008
Sly,380,53.0,Europe,364424,2008
Sly,40,53.0,Europe,297601,2008
Sweden Yachts,40,54.0,Europe,727025,2008
Tartan,40,43.0,USA,399000,2008
Wauquiez,40,40.0,Europe,212383,2008
Wauquiez,40,47.0,Europe,290324,2008
X-Yachts,40,41.0,Europe,218645,2008
X-Yachts,40,50.0,Europe,419070,2008
Zuanelli,40,40.0,Europe,279380,2008
Zuanelli,40,40.0,Europe,230761,2008
Alliage,lucia40,55.0,Europe,601299,2009
Archambault,lucia40,39.0,Europe,132436,2009
Archambault,lucia40,39.0,Europe,151876,2009
Archambault,400,39.0,Europe,151816,2009
Bavaria,400,38.0,Europe,70452,2009
Bavaria,40open,38.0,Europe,96568,2009
Bavaria,40open,40.0,Europe,95948,2009
Bavaria,40open,47.0,Europe,127543,2009
Bavaria,40open,47.0,Europe,120239,2009
Bavaria,40open,47.0,Europe,91106,2009
Bavaria,40,47.0,Europe,265131,2009
Bavaria,4.0,49.0,Europe,165351,2009
Bavaria,4.0,49.0,Europe,95354,2009
Bavaria,4.1,49.0,Europe,188278,2009
Bavaria,4.1,49.0,Europe,157911,2009
Bavaria,4.1,54.0,Europe,236866,2009
Beneteau,4.1,40.0,Caribbean,155000,2009
Beneteau,4.1,40.0,Europe,99605,2009
Beneteau,1260,40.0,USA,165000,2009
Beneteau,1260,40.0,Europe,144549,2009
Beneteau,42,40.0,Europe,120285,2009
Beneteau,42,40.0,Europe,120255,2009
Beneteau,42,40.0,Europe,182204,2009
Beneteau,42ownersversion,40.0,Europe,109323,2009
Beneteau,42,40.0,Europe,182204,2009
Beneteau,42,40.0,USA,159000,2009
Beneteau,42,43.0,Europe,119024,2009
Beneteau,42,43.0,Europe,110537,2009
Beneteau,42,43.0,Europe,106893,2009
Beneteau,42,43.0,Europe,105679,2009
Beneteau,42,43.0,USA,110900,2009
Beneteau,42,43.0,Europe,133617,2009
Beneteau,42,43.0,Europe,115380,2009
Beneteau,42,43.0,Europe,139690,2009
Beneteau,42,46.0,Europe,115396,2009
Beneteau,42,46.0,Europe,180990,2009
Beneteau,4.3,46.0,Europe,200433,2009
Beneteau,4.3,47.0,USA,229000,2009
Beneteau,4.3loft,47.0,Europe,167628,2009
Beneteau,44gs,47.0,Europe,139696,2009
Beneteau,46open,47.0,Europe,103249,2009
Beneteau,46fly,47.0,Europe,132402,2009
Beneteau,46open,49.0,Caribbean,239000,2009
Beneteau,46open,49.0,Europe,285465,2009
Beneteau,46open,49.0,Europe,186524,2009
Beneteau,saona47,49.0,USA,259000,2009
Beneteau,saona47,51.0,Europe,144549,2009
Beneteau,saona47,51.0,Europe,139690,2009
Beneteau,saona47,51.0,Europe,139550,2009
Beneteau,saona47,51.0,Europe,144306,2009
Beneteau,saona47,51.0,Caribbean,155538,2009
Beneteau,saona47,54.0,Europe,253837,2009
Beneteau,saona47,54.0,Europe,240520,2009
Beneteau,450f,54.0,Europe,240510,2009
Beneteau,450f,54.0,Europe,227117,2009
Beneteau,450,54.0,Europe,218533,2009
Beneteau,450s,54.0,Europe,212572,2009
Beneteau,450f,54.0,Europe,212543,2009
Beneteau,450,54.0,Europe,206255,2009
Beneteau,450,54.0,Europe,279380,2009
Beneteau,450,54.0,Europe,224688,2009
Beneteau,450f,54.0,Europe,206470,2009
Beneteau,450f,54.0,Caribbean,239900,2009
Beneteau,450f,54.0,Caribbean,188347,2009
Beneteau,450f,54.0,Caribbean,182000,2009
Beneteau,450f,54.0,Europe,242906,2009
Beneteau,450f,49.0,Caribbean,249000,2009
Bestevaer,450f,49.0,Europe,848957,2009
B-Yachts,450,38.0,Europe,207466,2009
C&C,450,38.0,USA,165000,2009
Catalina,450s,42.0,Europe,182204,2009
Catalina,450s,47.0,USA,299900,2009
Comar,50,41.0,Europe,155481,2009
Comar,50,46.0,Europe,180990,2009
Dufour,50,40.0,Europe,132436,2009
Dufour,atlantic49mf,40.0,Europe,119024,2009
Dufour,saba50,42.0,Europe,127526,2009
Dufour,saba50,42.0,Europe,151837,2009
Dufour,saba50,45.0,USA,189000,2009
Elan,saba50,44.0,Europe,103128,2009
Elan,52sport,44.0,Europe,179930,2009
Grand Soleil,52f,38.0,Europe,139690,2009
Grand Soleil,52sport,41.0,Europe,151876,2009
Grand Soleil,hh55catamaran,47.0,Europe,194351,2009
Grand Soleil,380,49.0,Europe,182204,2009
Hallberg-Rassy,380,55.0,Europe,971625,2009
Hallberg-Rassy,380,55.0,Europe,1032351,2009
Hanse,40,40.0,Europe,95948,2009
Hanse,40,43.0,Europe,151837,2009
Hanse,40,52.0,Europe,290312,2009
Hunter,40,38.0,USA,135000,2009
Hunter,40,38.0,USA,115900,2009
Hunter,40,38.0,USA,117000,2009
Hunter,40,40.0,USA,120000,2009
Hunter,40,40.0,USA,150000,2009
Hunter,400,50.0,USA,259000,2009
Hunter,400,50.0,USA,239239,2009
Hunter,lucia40,50.0,Europe,278128,2009
Island Packet,astrea42,52.0,Europe,564834,2009
Jeanneau,4.1,39.0,Europe,127576,2009
Jeanneau,4.1,39.0,Europe,100845,2009
Jeanneau,4.1,39.0,Europe,100820,2009
Jeanneau,4.1,39.0,Europe,119070,2009
Jeanneau,4.1,39.0,Europe,114181,2009
Jeanneau,4.1,39.0,Europe,127543,2009
Jeanneau,4.1,42.0,Caribbean,145000,2009
Jeanneau,4.1,42.0,Europe,105679,2009
Jeanneau,4.1,42.0,Europe,101913,2009
Jeanneau,astrea42,42.0,Europe,99630,2009
Jeanneau,astrea42,42.0,Europe,155460,2009
Jeanneau,42,42.0,Europe,133651,2009
Jeanneau,42,42.0,Europe,119024,2009
Jeanneau,42,42.0,Europe,188278,2009
Jeanneau,42,42.0,Caribbean,129000,2009
Jeanneau,42,45.0,Europe,203462,2009
Jeanneau,42,45.0,Europe,143371,2009
Jeanneau,42,45.0,Europe,120881,2009
Jeanneau,42,45.0,Europe,120850,2009
Jeanneau,42,45.0,Europe,115396,2009
Jeanneau,42,45.0,Europe,182204,2009
Jeanneau,42,45.0,Caribbean,127300,2009
Jeanneau,42,45.0,USA,186995,2009
Jeanneau,42,45.0,USA,179900,2009
Jeanneau,42,49.0,Europe,163984,2009
Jeanneau,42,49.0,Europe,157911,2009
Jeanneau,42,49.0,Europe,153052,2009
Jeanneau,42,49.0,Europe,145769,2009
Jeanneau,42,49.0,Europe,143922,2009
Jeanneau,42,49.0,Europe,127543,2009
Jeanneau,42,49.0,Europe,266626,2009
Jeanneau,42,49.0,Europe,193137,2009
Jeanneau,42,49.0,Europe,157917,2009
Jeanneau,42,49.0,Europe,151843,2009
Jeanneau,4.3,49.0,Europe,266019,2009
Jeanneau,4.3,49.0,Europe,206507,2009
Jeanneau,4.5,49.0,Europe,144555,2009
Jeanneau,4.5,49.0,Europe,109327,2009
Jeanneau,4.5,49.0,USA,274500,2009
Jeanneau,45,49.0,Europe,180990,2009
Jeanneau,45,55.0,Caribbean,219940,2009
Jeanneau,46fly,55.0,Europe,224719,2009
Jeanneau,46fly,55.0,Caribbean,220548,2009
Jeanneau,45,55.0,Europe,321895,2009
Jeanneau,45,49.0,Caribbean,220000,2009
Jeanneau,saona47,49.0,Caribbean,206574,2009
Jeanneau,saona47,49.0,Caribbean,109363,2009
Malo,saona47,40.0,Europe,344449,2009
Moody,450,45.0,Europe,394776,2009
Moody,450,46.0,Europe,358335,2009
Nauticat,450,44.0,Europe,484664,2009
Nauticat,450,44.0,Europe,564977,2009
Nordship,450,38.0,Europe,363209,2009
Oyster,450,54.0,Europe,692805,2009
Passport,450,47.0,USA,495000,2009
RM Yachts,450f,39.0,Europe,133598,2009
Solaris,450f,48.0,Europe,302418,2009
Solaris,450,48.0,Europe,388650,2009
Southerly,450,42.0,Europe,300510,2009
Tartan,450f,45.0,USA,349000,2009
Triplast,450f,40.0,Europe,105679,2009
X-Yachts,450f,42.0,Europe,423539,2009
Bavaria,450f,44.0,Europe,142119,2010
Bavaria,450,44.0,Europe,136046,2010
Bavaria,450s,49.0,Europe,170057,2010
Bavaria,46,49.0,Europe,166413,2010
Bavaria,46,49.0,Europe,145764,2010
Bavaria,50f,49.0,Europe,120255,2010
Bavaria,50f,49.0,Europe,106893,2010
Bavaria,50f,54.0,Europe,176131,2010
Bavaria,50,54.0,Europe,242939,2010
Bavaria,50,54.0,Europe,267233,2010
Bavaria,50,54.0,Europe,255052,2010
Beneteau,50,40.0,Europe,109350,2010
Beneteau,5.4,40.0,Europe,102034,2010
Beneteau,5.4,40.0,Europe,100212,2010
Beneteau,series5,40.0,Europe,94746,2010
Beneteau,,40.0,USA,170000,2010
Beneteau,,43.0,Caribbean,99000,2010
Beneteau,,43.0,USA,185000,2010
Beneteau,,43.0,USA,189000,2010
Beneteau,,43.0,Europe,115396,2010
Beneteau,,43.0,Europe,103249,2010
Beneteau,,43.0,Europe,111752,2010
Beneteau,,43.0,Caribbean,129000,2010
Beneteau,,43.0,Caribbean,151892,2010
Beneteau,,43.0,Caribbean,133000,2010
Beneteau,,43.0,Europe,133617,2010
Beneteau,,43.0,Europe,115396,2010
Beneteau,,47.0,Europe,137266,2010
Beneteau,,47.0,Europe,136046,2010
Beneteau,,47.0,Europe,133622,2010
Beneteau,,47.0,Europe,170057,2010
Beneteau,,49.0,USA,250000,2010
Beneteau,,49.0,Europe,199183,2010
Beneteau,,49.0,Europe,188285,2010
Beneteau,,49.0,Europe,163984,2010
Beneteau,,49.0,Europe,151837,2010
Beneteau,,49.0,Europe,230802,2010
Beneteau,,49.0,Europe,218047,2010
Beneteau,,49.0,Europe,218038,2010
Beneteau,,50.0,Caribbean,54681,2010
Beneteau,,51.0,Europe,139690,2010
Beneteau,,54.0,Europe,340115,2010
Beneteau,,49.0,Caribbean,187131,2010
Catalina,,44.0,USA,259000,2010
Catalina,,44.0,USA,275000,2010
Comar,,46.0,Europe,188278,2010
Dehler,,39.0,Europe,170101,2010
Discovery,,55.0,Europe,766082,2010
Dufour,,40.0,Europe,190707,2010
Dufour,,40.0,Europe,157951,2010
Dufour,,40.0,Europe,146488,2010
Dufour,,42.0,Europe,176107,2010
Dufour,,45.0,Europe,178560,2010
Dufour,,45.0,Europe,176131,2010
Dufour,,50.0,Europe,285454,2010
Dufour,,45.0,Caribbean,149950,2010
Elan,,38.0,Europe,109201,2010
Elan,,44.0,Europe,116640,2010
Elan,,44.0,Europe,240510,2010
Elan,,44.0,Europe,156736,2010
Grand Soleil,,47.0,Europe,309748,2010
Grand Soleil,,49.0,Europe,546613,2010
Hanse,,40.0,Europe,145801,2010
Hanse,,40.0,Europe,145764,2010
Hanse,,40.0,Europe,115396,2010
Hanse,,40.0,Europe,151716,2010
Hanse,,43.0,USA,135000,2010
Hanse,,47.0,Europe,193137,2010
Hanse,,47.0,Europe,212626,2010
Hanse,,47.0,Europe,255086,2010
Hanse,,47.0,Europe,241725,2010
Hunter,,39.0,USA,144900,2010
Hunter,,49.0,Caribbean,219000,2010
Hunter,,50.0,USA,280000,2010
Hunter,,50.0,USA,250000,2010
Hylas,,46.0,USA,439000,2010
Island Packet,,41.0,USA,299500,2010
Island Packet,,48.0,USA,450000,2010
Jeanneau,,39.0,Europe,139726,2010
Jeanneau,,39.0,USA,155900,2010
Jeanneau,,42.0,Europe,95948,2010
Jeanneau,,42.0,Europe,115380,2010
Jeanneau,,42.0,Europe,103275,2010
Jeanneau,,42.0,Europe,95948,2010
Jeanneau,,42.0,Europe,163984,2010
Jeanneau,,45.0,Europe,181036,2010
Jeanneau,,45.0,Europe,145801,2010
Jeanneau,,45.0,Europe,120285,2010
Jeanneau,,45.0,USA,169000,2010
Jeanneau,,45.0,Europe,200476,2010
Jeanneau,,45.0,Europe,194351,2010
Jeanneau,,45.0,Europe,188326,2010
Jeanneau,,45.0,Europe,239849,2010
Jeanneau,,45.0,Europe,193199,2010
Jeanneau,,45.0,USA,249000,2010
Jeanneau,,49.0,USA,285000,2010
Jeanneau,,49.0,Europe,255086,2010
Jeanneau,,49.0,Europe,236866,2010
Jeanneau,,49.0,Europe,334042,2010
Jeanneau,,53.0,Europe,199818,2010
Jeanneau,,53.0,Europe,193144,2010
Jeanneau,,53.0,USA,299000,2010
Jeanneau,,53.0,Europe,218645,2010
Jeanneau,,53.0,Europe,224719,2010
Jeanneau,,53.0,Europe,199218,2010
Jeanneau,,53.0,Europe,199210,2010
Jeanneau,,53.0,Europe,194359,2010
Jeanneau,,53.0,Europe,194351,2010
Jeanneau,,53.0,Europe,188278,2010
Jeanneau,,53.0,Europe,340069,2010
Jeanneau,,53.0,Europe,255086,2010
Jeanneau,,53.0,Europe,261160,2010
Jeanneau,,53.0,Europe,212580,2010
Jeanneau,,53.0,Europe,212572,2010
Jeanneau,,55.0,Caribbean,219940,2010
Malo,,40.0,Europe,319090,2010
Moody,,45.0,Europe,394776,2010
Moody,,45.0,Europe,437291,2010
Nauticat,,44.0,Europe,475361,2010
Oyster,,54.0,USA,615000,2010
Salona,,44.0,Europe,156696,2010
Solaris,,44.0,Europe,400850,2010
Solaris,,48.0,Europe,388703,2010
Southerly,,39.0,Europe,279845,2010
Tartan,,43.0,Europe,321895,2010
Tartan,,43.0,Europe,303674,2010
Vismara,,54.0,Europe,479805,2010
X-Yachts,,42.0,Europe,419070,2010
X-Yachts,,50.0,Europe,425086,2010
Azuree,,40.0,Europe,127543,2011
Bavaria,,40.0,Europe,119040,2011
Bavaria,,40.0,Europe,99630,2011
Bavaria,,40.0,Europe,81992,2011
Bavaria,,40.0,Europe,160867,2011
Bavaria,,40.0,Caribbean,99000,2011
Bavaria,,40.0,Europe,144549,2011
Bavaria,,40.0,Europe,123882,2011
Bavaria,,40.0,Europe,157889,2011
Bavaria,,40.0,Europe,102060,2011
Bavaria,,40.0,Europe,91102,2011
Bavaria,,40.0,Europe,121453,2011
Bavaria,,40.0,Europe,144549,2011
Bavaria,,44.0,Europe,145564,2011
Bavaria,,44.0,Europe,145764,2011
Bavaria,,49.0,Europe,230671,2011
Bavaria,,49.0,Europe,202854,2011
Bavaria,,54.0,Europe,279380,2011
Bavaria,,54.0,Europe,253837,2011
Beneteau,,40.0,Caribbean,140000,2011
Beneteau,,40.0,Caribbean,99600,2011
Beneteau,,40.0,USA,155000,2011
Beneteau,,40.0,Europe,121470,2011
Beneteau,,40.0,Europe,120285,2011
Beneteau,,40.0,Europe,108108,2011
Beneteau,,40.0,Europe,106893,2011
Beneteau,,40.0,Europe,95961,2011
Beneteau,,40.0,Caribbean,155460,2011
Beneteau,,40.0,Caribbean,110000,2011
Beneteau,,40.0,Caribbean,80000,2011
Beneteau,,40.0,USA,159900,2011
Beneteau,,40.0,Europe,169450,2011
Beneteau,,40.0,USA,170048,2011
Beneteau,,40.0,USA,129900,2011
Beneteau,,40.0,Europe,179775,2011
Beneteau,,40.0,Europe,201732,2011
Beneteau,,40.0,Europe,59535,2011
Beneteau,,43.0,Europe,115396,2011
Beneteau,,43.0,Europe,115396,2011
Beneteau,,43.0,Europe,109323,2011
Beneteau,,43.0,USA,130000,2011
Beneteau,,43.0,Caribbean,129000,2011
Beneteau,,46.0,Europe,194351,2011
Beneteau,,47.0,USA,219000,2011
Beneteau,,47.0,Europe,156696,2011
Beneteau,,49.0,Caribbean,179000,2011
Beneteau,,49.0,Europe,176138,2011
Beneteau,,49.0,Europe,169450,2011
Beneteau,,49.0,Europe,205292,2011
Beneteau,,49.0,Europe,217431,2011
Beneteau,,49.0,Europe,185856,2011
Beneteau,,49.0,Europe,170000,2011
Beneteau,,49.0,USA,275000,2011
Beneteau,,49.0,Europe,309582,2011
Beneteau,,49.0,Europe,224728,2011
Beneteau,,50.0,Europe,182204,2011
Beneteau,,50.0,Europe,174309,2011
Beneteau,,50.0,Europe,170057,2011
Beneteau,,54.0,Europe,267197,2011
Beneteau,,45.0,Caribbean,194422,2011
Beneteau,,49.0,Caribbean,185000,2011
Catalina,,38.0,Europe,173094,2011
Catalina,,42.0,USA,189000,2011
Catalina,,44.0,Europe,204069,2011
Contest,,45.0,Europe,504099,2011
Contest,,45.0,Europe,504099,2011
Dehler,,40.0,Europe,206377,2011
Dehler,,40.0,Europe,200425,2011
Dehler,,45.0,Europe,201732,2011
Delphia,,39.0,Europe,194401,2011
Dufour,,40.0,Caribbean,91135,2011
Dufour,,40.0,Europe,133617,2011
Dufour,,40.0,Caribbean,91106,2011
Dufour,,40.0,Europe,163984,2011
Dufour,,42.0,Europe,163962,2011
Dufour,,44.0,Europe,236926,2011
Dufour,,45.0,Europe,182204,2011
Dufour,,45.0,Europe,170101,2011
Dufour,,45.0,Caribbean,229578,2011
Dufour,,45.0,Europe,170101,2011
Dufour,,45.0,Europe,166413,2011
Dufour,,45.0,Europe,194401,2011
Dufour,,45.0,Europe,157889,2011
Dufour,,50.0,Europe,302459,2011
Elan,,45.0,Europe,143334,2011
Elan,,45.0,Europe,127543,2011
Grand Soleil,,43.0,Europe,273307,2011
Grand Soleil,,47.0,Europe,267233,2011
Grand Soleil,,47.0,Europe,334042,2011
Grand Soleil,,53.0,Europe,479805,2011
Grand Soleil,,55.0,Europe,498045,2011
Grand Soleil,,55.0,Europe,498026,2011
Hanse,,40.0,Europe,139884,2011
Hanse,,44.0,Europe,181036,2011
Hanse,,44.0,Europe,193186,2011
Hanse,,47.0,Europe,230851,2011
Hanse,,50.0,Europe,182204,2011
Hanse,,50.0,Europe,180965,2011
Hanse,,50.0,Europe,358335,2011
Hanse,,50.0,Europe,180990,2011
Hunter,,39.0,USA,155000,2011
Hunter,,50.0,USA,277500,2011
Hunter,,50.0,USA,284900,2011
J Boats,,43.0,Europe,287721,2011
Jeanneau,,40.0,Europe,129235,2011
Jeanneau,,40.0,Europe,109350,2011
Jeanneau,,40.0,Europe,103275,2011
Jeanneau,,40.0,Europe,84421,2011
Jeanneau,,40.0,Europe,84410,2011
Jeanneau,,40.0,Europe,143334,2011
Jeanneau,,40.0,Europe,156696,2011
Jeanneau,,42.0,Europe,145801,2011
Jeanneau,,42.0,Europe,145744,2011
Jeanneau,,43.0,Europe,146958,2011
Jeanneau,,43.0,Europe,120239,2011
Jeanneau,,45.0,Europe,115425,2011
Jeanneau,,45.0,Europe,115396,2011
Jeanneau,,45.0,USA,245000,2011
Jeanneau,,45.0,USA,240000,2011
Jeanneau,,45.0,Europe,210142,2011
Jeanneau,,45.0,Europe,156736,2011
Jeanneau,,45.0,Europe,213192,2011
Jeanneau,,45.0,USA,169000,2011
Jeanneau,,49.0,Europe,153052,2011
Jeanneau,,49.0,Europe,255096,2011
Jeanneau,,49.0,USA,279900,2011
Jeanneau,,49.0,Europe,249013,2011
Jeanneau,,53.0,Europe,261160,2011
Jeanneau,,53.0,Europe,249782,2011
Jeanneau,,53.0,Europe,236875,2011
Jeanneau,,53.0,Europe,236866,2011
Jeanneau,,53.0,Europe,229578,2011
Jeanneau,,53.0,Europe,212572,2011
Jeanneau,,53.0,Europe,200433,2011
Jeanneau,,53.0,Europe,200425,2011
Jeanneau,,53.0,Europe,199818,2011
Jeanneau,,53.0,Europe,168850,2011
Jeanneau,,53.0,Europe,341932,2011
Jeanneau,,53.0,Europe,267233,2011
Jeanneau,,53.0,Europe,326766,2011
Jeanneau,,53.0,Europe,176138,2011
Jeanneau,,53.0,Europe,291406,2011
Jeanneau,,53.0,Europe,241725,2011
Moody,,45.0,Europe,386305,2011
Morris,,42.0,USA,497000,2011
Oyster,,54.0,Europe,839360,2011
Rustler,,44.0,Europe,492394,2011
Sabre,,46.0,USA,509000,2011
Sly,,48.0,Europe,303674,2011
Tartan,,40.0,USA,359000,2011
Tartan,,43.0,USA,475000,2011
Tofinou,,39.0,Europe,182251,2011
Vismara,,50.0,Europe,479805,2011
Vismara,,50.0,Europe,467658,2011
X-Yachts,,50.0,Europe,570907,2011
X-Yachts,,50.0,Europe,631642,2011
Bavaria,,40.0,Europe,168893,2012
Bavaria,,40.0,Europe,132013,2012
Bavaria,,40.0,Europe,116975,2012
Bavaria,,40.0,Europe,84807,2012
Bavaria,,40.0,Europe,128791,2012
Bavaria,,40.0,Europe,133313,2012
Bavaria,,40.0,Europe,109308,2012
Bavaria,,40.0,Europe,97200,2012
Bavaria,,40.0,Caribbean,92500,2012
Bavaria,,40.0,Caribbean,92500,2012
Bavaria,,44.0,Europe,136081,2012
Bavaria,,44.0,Europe,133651,2012
Bavaria,,44.0,Europe,132402,2012
Bavaria,,49.0,Europe,144549,2012
Bavaria,,54.0,Europe,264804,2012
Bavaria,,54.0,Europe,242939,2012
Bavaria,,54.0,Europe,241725,2012
Bavaria,,54.0,Europe,358350,2012
Bavaria,,54.0,Europe,358287,2012
Bavaria,,54.0,Europe,321895,2012
Bavaria,,54.0,Europe,303674,2012
Bavaria,,54.0,Europe,279380,2012
Beneteau,,40.0,Europe,145801,2012
Beneteau,,40.0,Caribbean,139000,2012
Beneteau,,40.0,USA,199500,2012
Beneteau,,40.0,Europe,163863,2012
Beneteau,,40.0,Europe,106562,2012
Beneteau,,43.0,USA,219000,2012
Beneteau,,43.0,Europe,180990,2012
Beneteau,,45.0,Europe,194325,2012
Beneteau,,45.0,Europe,182204,2012
Beneteau,,45.0,Europe,170101,2012
Beneteau,,45.0,Caribbean,165000,2012
Beneteau,,45.0,USA,229000,2012
Beneteau,,45.0,Europe,241725,2012
Beneteau,,45.0,Europe,217431,2012
Beneteau,,45.0,Europe,229546,2012
Beneteau,,46.0,Europe,321895,2012
Beneteau,,48.0,Europe,208928,2012
Beneteau,,48.0,Europe,206498,2012
Beneteau,,48.0,Europe,200425,2012
Beneteau,,49.0,USA,399650,2012
Beneteau,,49.0,USA,375000,2012
Beneteau,,49.0,Europe,167635,2012
Beneteau,,49.0,Europe,423929,2012
Beneteau,,49.0,Europe,326753,2012
Beneteau,,49.0,Europe,326709,2012
Beneteau,,49.0,Europe,206507,2012
Beneteau,,49.0,Europe,206498,2012
Beneteau,,54.0,Caribbean,215000,2012
Beneteau,,54.0,Europe,241725,2012
Beneteau,,54.0,Europe,224719,2012
Beneteau,,56.0,Europe,352262,2012
Beneteau,,45.0,Caribbean,165000,2012
Catalina,,38.0,USA,199000,2012
Catalina,,44.0,Europe,218645,2012
Dehler,,40.0,Europe,193137,2012
Dehler,,40.0,Europe,199823,2012
Dufour,,40.0,Europe,103249,2012
Dufour,,40.0,Europe,164026,2012
Dufour,,50.0,Europe,510172,2012
Dufour,,50.0,Europe,394776,2012
Elan,,39.0,Europe,144549,2012
Elan,,45.0,Europe,115396,2012
Grand Soleil,,40.0,Europe,259945,2012
Grand Soleil,,40.0,Caribbean,267331,2012
Grand Soleil,,49.0,Europe,448223,2012
Grand Soleil,,49.0,Europe,445794,2012
Grand Soleil,,49.0,Europe,393034,2012
Hallberg-Rassy,,49.0,Europe,708144,2012
Hallberg-Rassy,,55.0,Europe,1080933,2012
Hanse,,40.0,Europe,151837,2012
Hanse,,44.0,Europe,145764,2012
Hanse,,44.0,Europe,212572,2012
Hanse,,44.0,Europe,241360,2012
Hanse,,44.0,Caribbean,145000,2012
Hanse,,44.0,Caribbean,169000,2012
Hanse,,44.0,Europe,203845,2012
Hanse,,44.0,Europe,157708,2012
Hanse,,47.0,Europe,216271,2012
Hanse,,53.0,Europe,361980,2012
Hanse,,50.0,Europe,205284,2012
Hunter,,45.0,USA,189900,2012
Jeanneau,,40.0,Europe,92912,2012
Jeanneau,,40.0,USA,189000,2012
Jeanneau,,40.0,Europe,179937,2012
Jeanneau,,40.0,Europe,179900,2012
Jeanneau,,41.0,USA,219000,2012
Jeanneau,,42.0,Europe,151876,2012
Jeanneau,,42.0,USA,195000,2012
Jeanneau,,43.0,USA,197777,2012
Jeanneau,,43.0,Europe,139671,2012
Jeanneau,,43.0,Europe,133009,2012
Jeanneau,,43.0,Europe,168820,2012
Jeanneau,,43.0,Europe,176131,2012
Jeanneau,,43.0,Europe,170034,2012
Jeanneau,,43.0,Europe,121453,2012
Jeanneau,,43.0,Europe,145764,2012
Jeanneau,,43.0,USA,129500,2012
Jeanneau,,43.0,Europe,236866,2012
Jeanneau,,44.0,USA,235000,2012
Jeanneau,,44.0,USA,249000,2012
Jeanneau,,44.0,Europe,251808,2012
Jeanneau,,45.0,USA,199000,2012
Jeanneau,,46.0,Europe,241725,2012
Jeanneau,,49.0,Europe,273307,2012
Jeanneau,,50.0,Europe,242939,2012
Jeanneau,,50.0,USA,349000,2012
Jeanneau,,50.0,Europe,352351,2012
Jeanneau,,50.0,Europe,352276,2012
Jeanneau,,50.0,Europe,236866,2012
Jeanneau,,50.0,Europe,180990,2012
Jeanneau,,53.0,Europe,413013,2012
Jeanneau,,53.0,Europe,249023,2012
Jeanneau,,53.0,Europe,230761,2012
Jeanneau,,53.0,Europe,191930,2012
Jeanneau,,53.0,Europe,191922,2012
Jeanneau,,53.0,Europe,388718,2012
Jeanneau,,53.0,Europe,388703,2012
Passport,,54.0,USA,935000,2012
Sly,,47.0,Europe,227148,2012
Solaris,,44.0,Europe,467658,2012
Southerly,,39.0,Europe,346474,2012
Southerly,,42.0,Europe,479634,2012
Tofinou,,52.0,Europe,485898,2012
X-Yachts,,38.0,Europe,279391,2012
X-Yachts,,44.0,USA,475000,2012
X-Yachts,,44.0,Europe,498026,2012
X-Yachts,,50.0,Europe,716700,2012
X-Yachts,,50.0,Europe,716671,2012
X-Yachts,,50.0,Europe,607373,2012
X-Yachts,,50.0,Europe,546635,2012
Bavaria,,40.0,Europe,109229,2013
Bavaria,,40.0,Europe,109201,2013
Bavaria,,40.0,Europe,106879,2013
Bavaria,,40.0,Europe,103235,2013
Bavaria,,40.0,Europe,132436,2013
Bavaria,,40.0,Europe,133651,2013
Bavaria,,40.0,Caribbean,120299,2013
Bavaria,,44.0,Europe,193793,2013
Bavaria,,44.0,Europe,193744,2013
Bavaria,,44.0,Europe,175416,2013
Bavaria,,44.0,Europe,160381,2013
Bavaria,,44.0,Europe,155521,2013
Bavaria,,44.0,Europe,145764,2013
Bavaria,,44.0,Europe,139731,2013
Bavaria,,44.0,Europe,127576,2013
Bavaria,,44.0,Europe,179821,2013
Bavaria,,46.0,USA,234900,2013
Bavaria,,46.0,Europe,218093,2013
Bavaria,,46.0,Europe,217486,2013
Bavaria,,49.0,Europe,179775,2013
Bavaria,,54.0,Europe,302459,2013
Bavaria,,54.0,Europe,394776,2013
Bavaria,,45.0,Caribbean,149950,2013
Beneteau,,40.0,USA,220000,2013
Beneteau,,40.0,USA,219500,2013
Beneteau,,40.0,Europe,132384,2013
Beneteau,,40.0,USA,210000,2013
Beneteau,,40.0,USA,229000,2013
Beneteau,,40.0,USA,219000,2013
Beneteau,,45.0,Europe,170101,2013
Beneteau,,45.0,Europe,291527,2013
Beneteau,,45.0,USA,249000,2013
Beneteau,,45.0,Caribbean,330000,2013
Beneteau,,48.0,Europe,170064,2013
Beneteau,,48.0,USA,359500,2013
Beneteau,,49.0,Europe,346988,2013
Beneteau,,49.0,Europe,321895,2013
Beneteau,,49.0,Europe,224719,2013
Beneteau,,54.0,Europe,309098,2013
Beneteau,,54.0,USA,479805,2013
Beneteau,,55.0,Europe,460370,2013
Beneteau,,55.0,Europe,352262,2013
Catalina,,38.0,USA,219999,2013
Catalina,,39.0,USA,215000,2013
Dehler,,40.0,Europe,219832,2013
Delphia,,46.0,Europe,314606,2013
Dufour,,38.0,Caribbean,99950,2013
Dufour,,40.0,Europe,160318,2013
Dufour,,40.0,Europe,143315,2013
Dufour,,40.0,USA,220000,2013
Dufour,,40.0,Caribbean,179000,2013
Dufour,,44.0,Europe,151876,2013
Dufour,,44.0,Europe,151837,2013
Dufour,,44.0,Europe,139726,2013
Dufour,,44.0,Europe,240477,2013
Dufour,,44.0,Europe,229578,2013
Dufour,,44.0,Europe,217431,2013
Dufour,,44.0,Europe,180990,2013
Dufour,,49.0,Caribbean,358466,2013
Dufour,,49.0,Caribbean,346315,2013
Elan,,44.0,USA,349900,2013
Elan,,44.0,Europe,209588,2013
Elan,,45.0,Europe,121348,2013
Elan,,45.0,Europe,121257,2013
Elan,,45.0,Europe,121227,2013
Elan,,48.0,Europe,167605,2013
Elan,,49.0,Europe,182180,2013
Elan,,49.0,Europe,166391,2013
Grand Soleil,,40.0,Europe,156696,2013
Grand Soleil,,40.0,Europe,151837,2013
Grand Soleil,,40.0,Europe,236866,2013
Grand Soleil,,48.0,Europe,464162,2013
Hallberg-Rassy,,41.0,Europe,449377,2013
Hanse,,40.0,Caribbean,168000,2013
Hanse,,40.0,Europe,133617,2013
Hanse,,40.0,Europe,157890,2013
Hanse,,40.0,Europe,144586,2013
Hanse,,40.0,Europe,144549,2013
Hanse,,44.0,Europe,157911,2013
Hanse,,44.0,Europe,145764,2013
Hanse,,44.0,Europe,218402,2013
Hanse,,44.0,Caribbean,176131,2013
Hanse,,44.0,Caribbean,176131,2013
Hanse,,44.0,Europe,229578,2013
Hanse,,44.0,Europe,157668,2013
Hanse,,50.0,Europe,314606,2013
Hanse,,50.0,Europe,297601,2013
Hanse,,50.0,Europe,358287,2013
Hanse,,50.0,Europe,291487,2013
Hanse,,56.0,Europe,340069,2013
Hanse,,56.0,Europe,455449,2013
Hanse,,56.0,Europe,510103,2013
Hunter,,40.0,USA,186500,2013
Hunter,,40.0,USA,174900,2013
Hunter,,40.0,USA,172000,2013
Hunter,,50.0,USA,340000,2013
Jeanneau,,40.0,USA,229000,2013
Jeanneau,,40.0,Europe,95961,2013
Jeanneau,,40.0,USA,184900,2013
Jeanneau,,40.0,Europe,132436,2013
Jeanneau,,40.0,Europe,127526,2013
Jeanneau,,40.0,Europe,103275,2013
Jeanneau,,43.0,Europe,139671,2013
Jeanneau,,43.0,Europe,133617,2013
Jeanneau,,43.0,Europe,162747,2013
Jeanneau,,43.0,Europe,172463,2013
Jeanneau,,43.0,Europe,206470,2013
Jeanneau,,43.0,Europe,200425,2013
Jeanneau,,43.0,Europe,182180,2013
Jeanneau,,43.0,Europe,133617,2013
Jeanneau,,44.0,USA,229000,2013
Jeanneau,,46.0,Europe,145764,2013
Jeanneau,,46.0,Europe,144549,2013
Jeanneau,,46.0,Europe,204069,2013
Jeanneau,,46.0,Europe,194351,2013
Jeanneau,,46.0,Europe,230792,2013
Jeanneau,,46.0,Europe,262982,2013
Jeanneau,,46.0,Europe,217431,2013
Jeanneau,,46.0,Europe,188278,2013
Jeanneau,,49.0,Europe,255086,2013
Jeanneau,,49.0,Europe,242939,2013
Jeanneau,,49.0,Europe,241725,2013
Jeanneau,,49.0,Europe,201640,2013
Jeanneau,,49.0,Europe,303686,2013
Jeanneau,,50.0,Europe,334042,2013
Jeanneau,,50.0,Europe,205284,2013
Jeanneau,,50.0,Europe,267233,2013
Jeanneau,,50.0,Europe,266019,2013
Jeanneau,,53.0,Europe,230792,2013
Jeanneau,,53.0,Europe,218645,2013
Jeanneau,,53.0,Europe,236866,2013
Nauticat,,42.0,Europe,479740,2013
RM Yachts,,39.0,Europe,333996,2013
RM Yachts,,39.0,Europe,285415,2013
Rustler,,42.0,Europe,465645,2013
Salona,,38.0,USA,138500,2013
Salona,,38.0,USA,135000,2013
Salona,,42.0,Europe,194351,2013
Solaris,,40.0,Europe,327968,2013
Solaris,,44.0,Europe,443364,2013
Tofinou,,39.0,Europe,230792,2013
Tofinou,,39.0,Europe,229636,2013
Tofinou,,52.0,Europe,485879,2013
Triplast,,40.0,Europe,176107,2013
Triplast,,40.0,Europe,121379,2013
Van De Stadt,,41.0,Europe,115380,2013
Wauquiez,,39.0,Europe,241725,2013
X-Yachts,,38.0,Europe,252657,2013
X-Yachts,,38.0,Europe,255096,2013
Bavaria,,40.0,Europe,233797,2014
Bavaria,,40.0,Europe,180382,2014
Bavaria,,40.0,Europe,144586,2014
Bavaria,,40.0,Europe,130580,2014
Bavaria,,40.0,Europe,156675,2014
Bavaria,,40.0,Europe,148193,2014
Bavaria,,40.0,Europe,180990,2014
Bavaria,,40.0,Europe,160340,2014
Bavaria,,40.0,Europe,157889,2014
Bavaria,,42.0,Europe,218585,2014
Bavaria,,44.0,Europe,144549,2014
Bavaria,,46.0,USA,269000,2014
Bavaria,,46.0,Europe,179821,2014
Bavaria,,46.0,Europe,179775,2014
Bavaria,,46.0,Europe,173746,2014
Bavaria,,46.0,Europe,157668,2014
Bavaria,,46.0,Europe,151837,2014
Bavaria,,46.0,Europe,148193,2014
Bavaria,,46.0,Europe,198003,2014
Bavaria,,46.0,USA,299000,2014
Bavaria,,46.0,Europe,201640,2014
Bavaria,,49.0,Europe,206498,2014
Bavaria,,49.0,Europe,303686,2014
Bavaria,,54.0,Europe,303674,2014
Bavaria,,54.0,Europe,364409,2014
Bavaria,,54.0,Europe,236866,2014
Beneteau,,37.0,USA,179000,2014
Beneteau,,38.0,USA,187302,2014
Beneteau,,40.0,USA,174900,2014
Beneteau,,45.0,Caribbean,208936,2014
Beneteau,,45.0,Europe,206498,2014
Beneteau,,45.0,Europe,194325,2014
Beneteau,,45.0,Caribbean,259000,2014
Beneteau,,45.0,Europe,241725,2014
Beneteau,,45.0,Europe,218645,2014
Beneteau,,45.0,Europe,194166,2014
Beneteau,,45.0,USA,295000,2014
Beneteau,,45.0,Europe,194351,2014
Beneteau,,48.0,Europe,224728,2014
Beneteau,,48.0,Europe,200425,2014
Beneteau,,48.0,Europe,224719,2014
Beneteau,,49.0,Europe,382629,2014
Beneteau,,49.0,Europe,400850,2014
Beneteau,,49.0,USA,395000,2014
Beneteau,,49.0,Europe,315834,2014
Beneteau,,55.0,USA,535000,2014
Beneteau,,56.0,Europe,376313,2014
Beneteau,,49.0,Caribbean,230000,2014
Bestevaer,,49.0,Europe,807805,2014
Boreal,,45.0,Europe,601275,2014
Catalina,,44.0,USA,299900,2014
Catalina,,44.0,USA,298000,2014
Dehler,,36.0,USA,118000,2014
Dehler,,37.0,USA,234000,2014
Dufour,,40.0,Europe,206551,2014
Dufour,,40.0,Europe,145744,2014
Dufour,,40.0,Europe,156696,2014
Dufour,,40.0,Europe,205754,2014
Dufour,,44.0,Europe,182204,2014
Dufour,,45.0,Caribbean,199000,2014
Dufour,,49.0,Europe,286668,2014
Elan,,39.0,Europe,106313,2014
Elan,,45.0,Europe,133617,2014
Elan,,49.0,Europe,151230,2014
Hanse,,40.0,USA,229000,2014
Hanse,,40.0,Europe,186468,2014
Hanse,,40.0,Europe,186430,2014
Hanse,,44.0,Europe,156696,2014
Hanse,,44.0,Europe,146735,2014
Hanse,,44.0,Europe,140905,2014
Hanse,,50.0,Europe,230792,2014
Hanse,,50.0,Europe,358287,2014
Hanse,,50.0,Europe,352262,2014
Jeanneau,,40.0,Europe,112359,2014
Jeanneau,,40.0,USA,195124,2014
Jeanneau,,43.0,Europe,205041,2014
Jeanneau,,43.0,Europe,230792,2014
Jeanneau,,43.0,Europe,145764,2014
Jeanneau,,43.0,USA,275000,2014
Jeanneau,,43.0,Europe,157889,2014
Jeanneau,,43.0,USA,279900,2014
Jeanneau,,44.0,Europe,297601,2014
Jeanneau,,44.0,USA,269900,2014
Jeanneau,,46.0,Europe,242818,2014
Jeanneau,,46.0,Europe,236744,2014
Jeanneau,,46.0,Europe,217431,2014
Jeanneau,,46.0,Europe,217127,2014
Jeanneau,,46.0,Europe,180382,2014
Jeanneau,,46.0,Europe,168843,2014
Jeanneau,,46.0,Europe,156696,2014
Jeanneau,,46.0,Europe,139690,2014
Jeanneau,,46.0,Europe,182204,2014
Jeanneau,,46.0,Europe,224719,2014
Jeanneau,,46.0,Europe,293110,2014
Jeanneau,,50.0,USA,389000,2014
Jeanneau,,50.0,Europe,249013,2014
Jeanneau,,53.0,USA,440500,2014
Jeanneau,,53.0,Europe,334055,2014
Jeanneau,,53.0,USA,364800,2014
Moody,,46.0,USA,285000,2014
Passport,,54.0,USA,998000,2014
RM Yachts,,41.0,Europe,334042,2014
Southerly,,42.0,Europe,559708,2014
Southerly,,53.0,USA,995000,2014
Sunbeam,,42.0,Europe,379710,2014
Van De Stadt,,53.0,Europe,473732,2014
Wauquiez,,47.0,Caribbean,461753,2014
X-Yachts,,44.0,Europe,516246,2014
Bavaria,,40.0,Europe,128791,2015
Bavaria,,46.0,Europe,280595,2015
Bavaria,,46.0,Europe,229578,2015
Bavaria,,46.0,Europe,173138,2015
Bavaria,,46.0,Europe,210142,2015
Bavaria,,46.0,Europe,206498,2015
Bavaria,,46.0,Europe,182204,2015
Bavaria,,46.0,Caribbean,250000,2015
Bavaria,,46.0,Europe,291601,2015
Bavaria,,46.0,Europe,291527,2015
Bavaria,,46.0,Europe,249013,2015
Bavaria,,46.0,Europe,212626,2015
Bavaria,,46.0,Europe,169936,2015
Bavaria,,49.0,Europe,188278,2015
Bavaria,,49.0,Europe,163984,2015
Bavaria,,49.0,Europe,276951,2015
Bavaria,,49.0,Europe,297601,2015
Bavaria,,49.0,Europe,255086,2015
Bavaria,,49.0,Europe,188285,2015
Bavaria,,49.0,Europe,180747,2015
Bavaria,,49.0,Europe,170057,2015
Bavaria,,49.0,Europe,236866,2015
Bavaria,,49.0,Europe,206498,2015
Bavaria,,49.0,Europe,182204,2015
Bavaria,,54.0,Europe,308533,2015
Bavaria,,54.0,Europe,278165,2015
Bavaria,,54.0,Europe,285454,2015
Bavaria,,54.0,Europe,302459,2015
Bavaria,,54.0,Europe,285454,2015
Bavaria,,54.0,Europe,364409,2015
Bavaria,,54.0,Europe,285454,2015
Bavaria,,54.0,Europe,334042,2015
Bavaria,,46.0,Caribbean,198000,2015
Beneteau,,38.0,USA,210000,2015
Beneteau,,38.0,USA,189900,2015
Beneteau,,38.0,Europe,145801,2015
Beneteau,,40.0,Caribbean,155000,2015
Beneteau,,40.0,Caribbean,139000,2015
Beneteau,,40.0,USA,244900,2015
Beneteau,,40.0,Europe,205284,2015
Beneteau,,40.0,USA,230000,2015
Beneteau,,40.0,USA,239900,2015
Beneteau,,40.0,Europe,267233,2015
Beneteau,,40.0,USA,219000,2015
Beneteau,,45.0,Caribbean,172000,2015
Beneteau,,45.0,USA,309900,2015
Beneteau,,48.0,Europe,233829,2015
Beneteau,,48.0,Europe,224728,2015
Beneteau,,48.0,Europe,217439,2015
Beneteau,,48.0,Europe,180382,2015
Beneteau,,48.0,Europe,340115,2015
Beneteau,,48.0,Europe,206385,2015
Beneteau,,48.0,Europe,206377,2015
Beneteau,,49.0,USA,399900,2015
Beneteau,,55.0,USA,525000,2015
Beneteau,,55.0,USA,499000,2015
Beneteau,,55.0,Europe,576981,2015
Beneteau,,55.0,Europe,576981,2015
Beneteau,,55.0,Europe,545399,2015
Beneteau,,55.0,Europe,467658,2015
Beneteau,,55.0,Europe,472517,2015
Beneteau,,55.0,Europe,460370,2015
Beneteau,,55.0,Europe,455511,2015
Beneteau,,55.0,Europe,438332,2015
Beneteau,,55.0,Europe,426342,2015
Beneteau,,45.0,Caribbean,275000,2015
Beneteau,,45.0,Caribbean,189000,2015
Beneteau,,45.0,Caribbean,169000,2015
Catalina,,38.0,USA,249900,2015
Contest,,45.0,Europe,637741,2015
Dehler,,44.0,Europe,108108,2015
Dehler,,47.0,Europe,363209,2015
Dufour,,37.0,Caribbean,130000,2015
Dufour,,37.0,Caribbean,129000,2015
Dufour,,37.0,Caribbean,119000,2015
Dufour,,40.0,Europe,188926,2015
Dufour,,40.0,Europe,188278,2015
Dufour,,40.0,Europe,163962,2015
Dufour,,40.0,Europe,145622,2015
Dufour,,44.0,Europe,168843,2015
Dufour,,44.0,Europe,193137,2015
Dufour,,46.0,Europe,188326,2015
Dufour,,49.0,Europe,278177,2015
Dufour,,49.0,Europe,206385,2015
Dufour,,49.0,Europe,206377,2015
Dufour,,49.0,Caribbean,297709,2015
Elan,,39.0,Europe,126328,2015
Elan,,39.0,Europe,163984,2015
Elan,,44.0,Europe,176131,2015
Elan,,44.0,Europe,169865,2015
Elan,,44.0,Europe,157911,2015
Elan,,44.0,Europe,151837,2015
Elan,,44.0,Europe,145764,2015
Elan,,44.0,Europe,170057,2015
Elan,,50.0,Europe,218616,2015
Elan,,50.0,Europe,212572,2015
Elan,,50.0,Europe,194325,2015
Elan,,50.0,Europe,242939,2015
Grand Soleil,,47.0,Europe,508978,2015
Grand Soleil,,47.0,Europe,522319,2015
Grand Soleil,,53.0,Europe,601275,2015
Hallberg-Rassy,,41.0,Europe,593119,2015
Hanse,,37.0,USA,199000,2015
Hanse,,40.0,Europe,126571,2015
Hanse,,40.0,Europe,166413,2015
Hanse,,44.0,Caribbean,279900,2015
Hanse,,44.0,Caribbean,279000,2015
Hanse,,44.0,Europe,166413,2015
Hanse,,44.0,Europe,174892,2015
Hanse,,44.0,Europe,163962,2015
Hanse,,44.0,Europe,278735,2015
Hanse,,50.0,Europe,229092,2015
Hanse,,50.0,Europe,227117,2015
Hanse,,50.0,Europe,212572,2015
Hanse,,50.0,Europe,327968,2015
Hanse,,50.0,Europe,425144,2015
Jeanneau,,40.0,Europe,145801,2015
Jeanneau,,40.0,Europe,145156,2015
Jeanneau,,40.0,Europe,139671,2015
Jeanneau,,40.0,USA,249900,2015
Jeanneau,,40.0,Europe,163984,2015
Jeanneau,,40.0,Caribbean,135000,2015
Jeanneau,,40.0,Europe,144549,2015
Jeanneau,,40.0,Europe,139726,2015
Jeanneau,,40.0,Europe,210526,2015
Jeanneau,,43.0,Europe,217401,2015
Jeanneau,,46.0,Europe,212572,2015
Jeanneau,,46.0,Europe,210142,2015
Jeanneau,,47.0,USA,299000,2015
Jeanneau,,49.0,Europe,239817,2015
Jeanneau,,50.0,Caribbean,209000,2015
Jeanneau,,50.0,Europe,224719,2015
Jeanneau,,50.0,Europe,218038,2015
Jeanneau,,50.0,Europe,217431,2015
Jeanneau,,50.0,USA,350000,2015
Jeanneau,,50.0,Europe,267233,2015
Jeanneau,,50.0,Europe,241725,2015
Jeanneau,,50.0,Europe,236866,2015
Jeanneau,,50.0,Europe,217431,2015
Jeanneau,,50.0,Europe,209900,2015
Jeanneau,,53.0,Europe,370482,2015
Jeanneau,,53.0,Europe,249023,2015
Jeanneau,,53.0,USA,389500,2015
Jeanneau,,46.0,Caribbean,182271,2015
Jeanneau,,46.0,Caribbean,295000,2015
Jeanneau,,50.0,Caribbean,199000,2015
Jeanneau,,50.0,Caribbean,189000,2015
Morris,,42.0,USA,795000,2015
Oyster,,48.0,USA,799000,2015
Oyster,,54.0,Europe,1259040,2015
Passport,,54.0,USA,895000,2015
Salona,,41.0,USA,230000,2015
Vismara,,50.0,Europe,668083,2015
X-Yachts,,38.0,USA,350000,2015
X-Yachts,,44.0,Europe,516246,2015
Bavaria,,40.0,Europe,180990,2016
Bavaria,,40.0,Europe,205256,2016
Bavaria,,46.0,Europe,212626,2016
Bavaria,,46.0,Europe,334126,2016
Bavaria,,46.0,Europe,155660,2016
Bavaria,,46.0,Europe,210142,2016
Bavaria,,46.0,Europe,279720,2016
Bavaria,,49.0,Europe,242939,2016
Bavaria,,49.0,Europe,298815,2016
Bavaria,,49.0,Europe,224719,2016
Bavaria,,49.0,Europe,255086,2016
Bavaria,,46.0,Caribbean,234000,2016
Beneteau,,38.0,Caribbean,119000,2016
Beneteau,,38.0,Caribbean,115000,2016
Beneteau,,38.0,USA,199000,2016
Beneteau,,40.0,Caribbean,159000,2016
Beneteau,,40.0,Caribbean,149000,2016
Beneteau,,40.0,Caribbean,253837,2016
Beneteau,,42.0,Caribbean,70000,2016
Beneteau,,45.0,Caribbean,199000,2016
Beneteau,,45.0,Caribbean,159000,2016
Beneteau,,45.0,Europe,255052,2016
Beneteau,,45.0,Europe,206308,2016
Beneteau,,45.0,Caribbean,321895,2016
Beneteau,,48.0,USA,389000,2016
Beneteau,,48.0,USA,375000,2016
Beneteau,,48.0,Europe,340115,2016
Beneteau,,48.0,USA,397500,2016
Beneteau,,55.0,Europe,504099,2016
Beneteau,,55.0,Europe,479805,2016
Beneteau,,44.0,Caribbean,79000,2016
Beneteau,,45.0,Caribbean,194000,2016
Beneteau,,45.0,Caribbean,160000,2016
Catalina,,44.0,USA,329500,2016
Dehler,,42.0,Europe,255086,2016
Dehler,,42.0,Europe,241692,2016
Dufour,,40.0,Caribbean,169000,2016
Dufour,,40.0,Caribbean,159000,2016
Dufour,,40.0,Europe,139690,2016
Dufour,,40.0,Europe,168843,2016
Dufour,,40.0,Europe,202827,2016
Dufour,,40.0,Europe,163984,2016
Dufour,,40.0,Europe,167605,2016
Dufour,,40.0,Caribbean,199900,2016
Dufour,,46.0,Europe,241786,2016
Dufour,,46.0,Europe,204121,2016
Dufour,,46.0,Europe,204069,2016
Dufour,,46.0,Europe,194401,2016
Dufour,,46.0,Europe,188278,2016
Dufour,,46.0,Europe,172531,2016
Dufour,,46.0,Europe,279380,2016
Dufour,,46.0,Europe,217486,2016
Dufour,,46.0,Europe,211965,2016
Dufour,,46.0,Europe,208720,2016
Dufour,,46.0,Europe,207713,2016
Dufour,,46.0,Europe,291527,2016
Dufour,,46.0,Europe,206429,2016
Dufour,,46.0,Europe,206377,2016
Dufour,,50.0,Europe,267233,2016
Dufour,,50.0,Europe,376556,2016
Dufour,,56.0,Europe,421500,2016
Elan,,39.0,Europe,151837,2016
Elan,,39.0,Europe,144586,2016
Elan,,39.0,USA,275000,2016
Elan,,44.0,Europe,182204,2016
Elan,,44.0,Europe,163984,2016
Elan,,44.0,Europe,154266,2016
Elan,,44.0,Europe,217431,2016
Grand Soleil,,43.0,Europe,352276,2016
Grand Soleil,,47.0,Europe,522452,2016
Hanse,,40.0,Caribbean,204500,2016
Hanse,,40.0,Europe,206551,2016
Hanse,,40.0,Europe,239849,2016
Hanse,,44.0,Europe,340115,2016
Hanse,,44.0,Europe,297601,2016
Hanse,,50.0,Europe,264768,2016
Hanse,,50.0,Europe,412941,2016
Hanse,,50.0,Europe,321895,2016
Jeanneau,,38.0,Europe,132402,2016
Jeanneau,,38.0,USA,165000,2016
Jeanneau,,38.0,USA,155000,2016
Jeanneau,,38.0,Europe,182192,2016
Jeanneau,,38.0,Europe,155481,2016
Jeanneau,,40.0,Europe,239849,2016
Jeanneau,,41.0,Europe,205284,2016
Jeanneau,,41.0,USA,220000,2016
Jeanneau,,41.0,Europe,199889,2016
Jeanneau,,44.0,Europe,261160,2016
Jeanneau,,44.0,Europe,293043,2016
Jeanneau,,45.0,Europe,206498,2016
Jeanneau,,45.0,Europe,230792,2016
Jeanneau,,45.0,Europe,224785,2016
Jeanneau,,45.0,Europe,261122,2016
Jeanneau,,46.0,Caribbean,189000,2016
Jeanneau,,46.0,Caribbean,184999,2016
Jeanneau,,46.0,Caribbean,45000,2016
Jeanneau,,46.0,Europe,267233,2016
Jeanneau,,46.0,Europe,224719,2016
Jeanneau,,51.0,Europe,285454,2016
Jeanneau,,51.0,Europe,279137,2016
Jeanneau,,51.0,Europe,363194,2016
Jeanneau,,55.0,Caribbean,629000,2016
Jeanneau,,55.0,USA,600000,2016
Jeanneau,,55.0,USA,599999,2016
Jeanneau,,46.0,Caribbean,199000,2016
Jeanneau,,51.0,Caribbean,259000,2016
Maxi,,40.0,Europe,267233,2016
Moody,,54.0,USA,919000,2016
Nautor,,50.0,Europe,1214531,2016
Nautor,,54.0,Europe,1579105,2016
Vismara,,50.0,Europe,753112,2016
Wauquiez,,48.0,Europe,757770,2016
X-Yachts,,44.0,USA,575000,2016
X-Yachts,,50.0,Europe,734921,2016
Alubat,,41.0,Europe,412941,2017
Azuree,,46.0,Europe,479927,2017
Bavaria,,40.0,Europe,225722,2017
Bavaria,,40.0,Europe,217127,2017
Bavaria,,40.0,Europe,164026,2017
Bavaria,,40.0,Europe,163984,2017
Bavaria,,40.0,Europe,185849,2017
Bavaria,,46.0,Europe,210142,2017
Bavaria,,46.0,Europe,200425,2017
Bavaria,,46.0,Europe,202101,2017
Bavaria,,46.0,Europe,211965,2017
Bavaria,,46.0,Europe,211357,2017
Bavaria,,46.0,Europe,200425,2017
Bavaria,,46.0,Europe,161596,2017
Bavaria,,46.0,Europe,299705,2017
Bavaria,,49.0,Europe,350744,2017
Bavaria,,49.0,Europe,342393,2017
Bavaria,,49.0,Europe,255086,2017
Bavaria,,49.0,Europe,236866,2017
Bavaria,,49.0,Europe,326418,2017
Bavaria,,54.0,Europe,734791,2017
Beneteau,,37.0,USA,205000,2017
Beneteau,,38.0,Caribbean,159000,2017
Beneteau,,38.0,Caribbean,139000,2017
Beneteau,,38.0,USA,220000,2017
Beneteau,,38.0,USA,199900,2017
Beneteau,,38.0,Europe,193179,2017
Beneteau,,40.0,Caribbean,159995,2017
Beneteau,,40.0,Europe,156675,2017
Beneteau,,40.0,USA,274000,2017
Beneteau,,45.0,Europe,285526,2017
Beneteau,,45.0,Europe,241786,2017
Beneteau,,45.0,Europe,278165,2017
Beneteau,,45.0,Europe,193137,2017
Beneteau,,45.0,Europe,182251,2017
Beneteau,,45.0,USA,349000,2017
Beneteau,,48.0,Europe,290324,2017
Beneteau,,55.0,Europe,484664,2017
Beneteau,,45.0,Caribbean,322012,2017
Beneteau,,48.0,Caribbean,289000,2017
Boreal,,47.0,Europe,719100,2017
B-Yachts,,42.0,Europe,546613,2017
Catalina,,43.0,USA,315000,2017
Contest,,45.0,Europe,728846,2017
Dehler,,47.0,USA,419000,2017
Dufour,,46.0,Europe,230792,2017
Dufour,,46.0,Europe,218524,2017
Dufour,,46.0,Europe,243001,2017
Dufour,,46.0,Europe,364409,2017
Dufour,,46.0,Europe,264804,2017
Dufour,,46.0,Europe,291527,2017
Dufour,,50.0,Europe,518432,2017
Elan,,39.0,Europe,206490,2017
Elan,,39.0,Europe,157668,2017
Elan,,39.0,Europe,206551,2017
Elan,,44.0,Europe,194108,2017
Elan,,44.0,Europe,176131,2017
Elan,,44.0,Europe,169865,2017
Elan,,44.0,Europe,216216,2017
Elan,,50.0,Europe,273270,2017
Elan,,50.0,Europe,270877,2017
Elan,,50.0,Europe,265982,2017
Elan,,50.0,Europe,261124,2017
Elan,,50.0,Europe,257481,2017
Elan,,50.0,Europe,255052,2017
Grand Soleil,,43.0,Europe,370482,2017
Hallberg-Rassy,,47.0,Europe,722928,2017
Hanse,,40.0,Caribbean,189000,2017
Hanse,,44.0,Europe,317296,2017
Hanse,,44.0,Europe,300637,2017
Hanse,,44.0,Europe,265982,2017
Hanse,,44.0,Europe,253837,2017
Hanse,,44.0,Europe,245335,2017
Hanse,,44.0,Europe,245335,2017
Hanse,,44.0,Europe,218616,2017
Hanse,,44.0,Europe,217401,2017
Hanse,,44.0,Europe,200484,2017
Hanse,,44.0,Europe,338900,2017
Hanse,,44.0,USA,329500,2017
Hanse,,44.0,Europe,321895,2017
Hanse,,44.0,Europe,297560,2017
Hanse,,44.0,Europe,291487,2017
Hanse,,50.0,Europe,334042,2017
Hanse,,50.0,Europe,321895,2017
Hanse,,50.0,Europe,327362,2017
Hanse,,56.0,Europe,722646,2017
Jeanneau,,38.0,Europe,191922,2017
Jeanneau,,39.0,Caribbean,139000,2017
Jeanneau,,41.0,Europe,180990,2017
Jeanneau,,41.0,USA,259000,2017
Jeanneau,,41.0,Europe,226487,2017
Jeanneau,,45.0,Europe,205822,2017
Jeanneau,,45.0,Europe,205770,2017
Jeanneau,,45.0,USA,199000,2017
Jeanneau,,46.0,Europe,334055,2017
Jeanneau,,46.0,Europe,297601,2017
Jeanneau,,51.0,Europe,406923,2017
Jeanneau,,51.0,Europe,360765,2017
Jeanneau,,51.0,Europe,354691,2017
Jeanneau,,51.0,Europe,499619,2017
Jeanneau,,51.0,Europe,253872,2017
Jeanneau,,51.0,Europe,433003,2017
Jeanneau,,51.0,USA,450000,2017
Jeanneau,,55.0,Caribbean,618000,2017
Jeanneau,,55.0,USA,579000,2017
Jeanneau,,55.0,Europe,501081,2017
Jeanneau,,55.0,Europe,599687,2017
Jeanneau,,55.0,Europe,512942,2017
Jeanneau,,51.0,Caribbean,420000,2017
Najad,,50.0,Europe,761701,2017
Nautor,,50.0,Europe,1311872,2017
Oyster,,48.0,USA,849000,2017
Solaris,,50.0,Europe,886728,2017
Tartan,,43.0,USA,485000,2017
Wauquiez,,48.0,Europe,691190,2017
Wauquiez,,48.0,Europe,642600,2017
X-Yachts,,50.0,Europe,727632,2017
Bavaria,,40.0,Caribbean,255000,2018
Bavaria,,40.0,Caribbean,229000,2018
Bavaria,,40.0,Europe,205256,2018
Bavaria,,40.0,Europe,200425,2018
Bavaria,,44.0,Europe,267301,2018
Bavaria,,45.0,Europe,334126,2018
Bavaria,,46.0,Europe,212572,2018
Bavaria,,46.0,Europe,218701,2018
Bavaria,,46.0,Europe,274278,2018
Bavaria,,46.0,Europe,205284,2018
Bavaria,,49.0,Europe,230792,2018
Beneteau,,38.0,Caribbean,179000,2018
Beneteau,,38.0,Europe,127422,2018
Beneteau,,40.0,Caribbean,169999,2018
Beneteau,,40.0,Caribbean,169999,2018
Beneteau,,40.0,Caribbean,129999,2018
Beneteau,,40.0,Caribbean,129999,2018
Beneteau,,40.0,Europe,261160,2018
Beneteau,,40.0,Europe,212543,2018
Beneteau,,45.0,Europe,255052,2018
Beneteau,,45.0,USA,388000,2018
Beneteau,,48.0,Europe,258839,2018
Beneteau,,51.0,Europe,479824,2018
Beneteau,,51.0,Europe,394792,2018
Beneteau,,51.0,Europe,655962,2018
Beneteau,,55.0,Europe,637716,2018
Beneteau,,48.0,Caribbean,275000,2018
Catalina,,44.0,USA,374900,2018
Dehler,,42.0,Europe,361980,2018
Dehler,,46.0,Europe,460370,2018
Dehler,,46.0,Europe,460370,2018
Discovery,,55.0,Europe,1885229,2018
Dufour,,40.0,Caribbean,229000,2018
Dufour,,40.0,Europe,261124,2018
Dufour,,46.0,Europe,399659,2018
Dufour,,46.0,Europe,372982,2018
Dufour,,46.0,Europe,255086,2018
Dufour,,50.0,Europe,498026,2018
Dufour,,50.0,Europe,483449,2018
Dufour,,50.0,Europe,480196,2018
Dufour,,50.0,Europe,388703,2018
Dufour,,50.0,Europe,338723,2018
Dufour,,50.0,Europe,425144,2018
Dufour,,50.0,Caribbean,400996,2018
Elan,,39.0,Europe,180990,2018
Elan,,43.0,Europe,339872,2018
Elan,,44.0,USA,375000,2018
Elan,,44.0,Europe,255086,2018
Elan,,50.0,Europe,278165,2018
Hanse,,40.0,USA,259000,2018
Hanse,,41.0,Europe,163741,2018
Hanse,,41.0,Europe,278165,2018
Hanse,,44.0,Europe,241725,2018
Hanse,,44.0,Europe,264804,2018
Hanse,,44.0,Europe,291487,2018
Hanse,,54.0,USA,746498,2018
Hanse,,54.0,Europe,632851,2018
J Boats,,40.0,USA,440000,2018
Jeanneau,,39.0,Caribbean,165000,2018
Jeanneau,,39.0,Caribbean,159000,2018
Jeanneau,,39.0,Caribbean,159000,2018
Jeanneau,,41.0,USA,279900,2018
Jeanneau,,41.0,Europe,166413,2018
Jeanneau,,41.0,Europe,216216,2018
Jeanneau,,41.0,Europe,223829,2018
Jeanneau,,41.0,Europe,163984,2018
Jeanneau,,41.0,USA,260000,2018
Jeanneau,,42.0,Europe,393034,2018
Jeanneau,,42.0,Europe,261170,2018
Jeanneau,,42.0,Europe,297560,2018
Jeanneau,,42.0,Europe,291539,2018
Jeanneau,,45.0,Europe,189467,2018
Jeanneau,,45.0,Europe,173822,2018
Jeanneau,,46.0,Europe,242939,2018
Jeanneau,,51.0,Caribbean,545950,2018
Jeanneau,,51.0,Europe,325539,2018
Jeanneau,,51.0,Europe,303674,2018
Jeanneau,,51.0,USA,499999,2018
Jeanneau,,51.0,Europe,423929,2018
Jeanneau,,55.0,Europe,649863,2018
Jeanneau,,55.0,USA,575000,2018
Jeanneau,,55.0,Europe,594010,2018
Jeanneau,,55.0,Europe,593926,2018
Salona,,38.0,Europe,240571,2018
Salona,,44.0,Europe,394723,2018
Tartan,,43.0,USA,497000,2018
Wauquiez,,42.0,Europe,583078,2018
X-Yachts,,43.0,Europe,388718,2018
Bavaria,,40.0,Europe,205284,2019
Bavaria,,44.0,Europe,394776,2019
Bavaria,,45.0,Europe,320761,2019
Bavaria,,45.0,Europe,301321,2019
Bavaria,,46.0,Europe,253872,2019
Bavaria,,46.0,Europe,223504,2019
Bavaria,,49.0,Europe,321895,2019
Beneteau,,38.0,USA,254000,2019
Beneteau,,38.0,Europe,163984,2019
Beneteau,,38.0,Caribbean,289000,2019
Beneteau,,45.0,USA,459000,2019
Beneteau,,47.0,Europe,302459,2019
Beneteau,,47.0,Europe,285454,2019
Beneteau,,47.0,USA,469000,2019
Beneteau,,47.0,Europe,467004,2019
Beneteau,,47.0,Europe,340115,2019
Beneteau,,51.0,Europe,510172,2019
Beneteau,,51.0,Europe,363209,2019
Beneteau,,51.0,Europe,443382,2019
Beneteau,,51.0,Europe,400850,2019
Beneteau,,55.0,Europe,759185,2019
Beneteau,,55.0,Europe,704524,2019
Dehler,,46.0,Europe,498045,2019
Dufour,,39.0,Europe,217486,2019
Dufour,,39.0,Europe,204121,2019
Dufour,,40.0,Europe,228363,2019
Dufour,,40.0,Europe,216187,2019
Dufour,,40.0,Europe,216502,2019
Dufour,,43.0,Europe,239295,2019
Dufour,,43.0,Europe,337186,2019
Dufour,,43.0,Europe,267233,2019
Dufour,,43.0,Europe,267233,2019
Dufour,,43.0,Europe,255086,2019
Dufour,,46.0,USA,469000,2019
Dufour,,46.0,Europe,321895,2019
Dufour,,46.0,Europe,321895,2019
Dufour,,46.0,Europe,327968,2019
Dufour,,50.0,Europe,484664,2019
Dufour,,50.0,Europe,451806,2019
Elan,,39.0,Europe,175933,2019
Elan,,39.0,Europe,175888,2019
Elan,,50.0,Europe,335256,2019
Hanse,,37.0,Europe,179775,2019
Hanse,,41.0,Europe,278981,2019
Hanse,,50.0,Europe,352019,2019
Hanse,,50.0,Europe,321166,2019
Hanse,,54.0,Europe,467415,2019
Hanse,,54.0,Europe,464986,2019
Jeanneau,,38.0,Europe,218645,2019
Jeanneau,,39.0,Caribbean,189000,2019
Jeanneau,,40.0,Europe,236926,2019
Jeanneau,,41.0,Caribbean,195000,2019
Jeanneau,,41.0,USA,297000,2019
Jeanneau,,41.0,Europe,249013,2019
Jeanneau,,42.0,Caribbean,319782,2019
Jeanneau,,42.0,USA,425000,2019
Jeanneau,,42.0,Europe,326709,2019
Jeanneau,,44.0,Europe,255052,2019
Jeanneau,,48.0,Europe,309760,2019
Jeanneau,,48.0,Europe,309748,2019
Jeanneau,,48.0,Europe,291527,2019
Jeanneau,,48.0,Europe,423929,2019
Jeanneau,,49.0,Europe,301245,2019
RM Yachts,,40.0,Europe,406868,2019
RM Yachts,,42.0,Europe,406923,2019
Southerly,,48.0,Europe,1192424,2019
X-Yachts,,43.0,Europe,546613,2019
X-Yachts,,46.0,Europe,570907,2019
